City.x,State.x,Population.2017,Change,Land.Area.2016.sqmi,Population.Density.2016.sqmi,key,avg.snowfall,State.Abbr,walk.score,bike.score,transit.score,median.age,mf.ratio,married,families,cost.of.living,crime,jan.avg,feb.avg,mar.avg,apr.avg,may.avg,jun.avg,jul.avg,aug.avg,sep.avg,oct.avg,nov.avg,dec.avg,jan.precip,feb.precip,mar.precip,apr.precip,may.precip,jun.precip,jul.precip,aug.precip,sep.precip,oct.precip,nov.precip,dec.precip,air.quality,City.y,State.y,Concert.Count
New York,New York,8622698,0.0547,301.5,28317,"New York, New York",NA,NY,89,68,85,35.9,0.9,0.46,0.44,166,1987,27,26,32,44,54,63,70,68,62,52,39,35,4.3,4.2,3.4,2.9,5.6,5.9,4.9,2.9,3,3.7,3.2,4.7,53,New York,New York,8
Los Angeles,California,3999759,0.0546,468.7,8484,"Los Angeles, California",NA,CA,67,55,51,35,1,0.44,0.45,146,3297,48,50,52,55,58,61,65,65,64,60,54,48,3.5,2.9,1.5,0.7,0.5,0,0,0,0.3,0.7,0.8,2.8,74,Los Angeles,California,16
Chicago,Illinois,2716450,0.0077,227.3,11900,"Chicago, Illinois",NA,IL,78,72,65,33.9,0.9,0.41,0.45,113,4363,20,21,33,42,52,63,68,67,60,48,36,25,1.9,1.6,2.4,3.6,4.3,4.6,3.5,5.1,2.8,3.9,2.2,2.2,60,Chicago,Illinois,14
Houston,Texas,2312717,0.1012,637.5,3613,"Houston, Texas",NA,TX,49,48,37,32.7,1,0.48,0.49,91,5224,47,49,56,62,70,75,76,77,73,64,55,47,3.7,2.9,3.6,5.6,4,6,9.1,5.1,6.1,10,3.7,4,52,Houston,Texas,11
Phoenix,Arizona,1626078,0.1248,517.6,3120,"Phoenix, Arizona",NA,AZ,41,52,36,33.3,1,0.46,0.5,95,4432,45,48,54,60,68,79,84,83,77,65,54,45,0.8,0.7,0.5,0.2,0.2,0,0.9,1.4,0.8,0.2,0.4,0.9,74,Phoenix,Arizona,8
Philadelphia,Pennsylvania,1580863,0.0359,134.2,11683,"Philadelphia, Pennsylvania",NA,PA,79,66,67,33.9,0.9,0.38,0.42,104,4011,26,26,33,44,54,64,70,68,61,50,39,31,3.3,2.6,3.6,4,3.9,4.8,5,5.8,4.3,4.7,2.8,4.7,57,Philadelphia,Pennsylvania,9
San Antonio,Texas,1511946,0.139,461,3238,"San Antonio, New Mexico",NA,TX,38,42,36,33.1,1,0.49,0.47,86,5552,42,47,54,60,67,73,75,75,71,62,53,45,2.4,1.2,2.5,2.4,4.4,1.8,2.3,2.9,3.2,2.4,1.5,1.8,45,NA,NA,NA
San Diego,California,1419516,0.0858,325.2,4325,"San Diego, California",NA,CA,51,39,37,34.2,1,0.48,0.45,146,2210,49,51,54,56,60,62,66,67,66,61,55,49,1.7,1.8,1,0.6,0.4,0,0.2,0,0.2,0.5,0.9,2.2,61,San Diego,California,13
Dallas,Texas,1341075,0.1196,340.9,3866,"Dallas, Texas",NA,TX,46,46,40,32.5,1,0.46,0.49,95,3960,39,42,50,57,67,75,77,78,70,58,50,39,3.4,2.1,6.1,2.8,4.2,4.1,2.4,2.6,5,5,2.7,2.3,54,Dallas,Texas,12
San Jose,California,1035317,0.0945,177.5,5777,"San Jose, California",NA,CA,51,59,41,36.1,1,0.56,0.48,177,2844,41,44,46,48,52,56,58,58,57,53,46,41,2.5,2.5,2.1,1.3,0.3,0.2,0,0,0.1,0.6,1.3,2.4,48,San Jose,California,2
Austin,Texas,950715,0.2028,312.7,3031,"Austin, Texas",NA,TX,40,51,34,32.4,1,0.44,0.49,107,3604,42,46,53,60,66,73,75,76,71,61,52,44,3,1.5,4,2.9,5.9,3.4,3,2.2,4.5,3.9,2.4,2.5,41,Austin,Texas,10
Jacksonville,Florida,892062,0.0855,747.4,1178,"Jacksonville, Florida",NA,FL,27,40,22,35.7,0.9,0.5,0.42,93,4158,47,49,55,63,69,75,77,77,75,66,56,52,3.1,2.9,2.8,2.6,4.8,8.1,6.4,6.7,4.7,3.4,1.8,2.9,38,Jacksonville,Florida,5
San Francisco,California,884363,0.0983,46.9,18569,"San Francisco, California",NA,CA,86,71,80,38.4,1,0.45,0.35,202,6883,44,46,47,49,51,54,56,56,56,54,49,44,3.2,3.4,2.7,1.7,0.3,0.2,0,0,0.1,1,1.7,4.4,43,San Francisco,California,9
Columbus,Ohio,879170,0.1171,218.5,3936,"Columbus, Ohio",NA,OH,41,47,31,32.1,1,0.42,0.48,89,4458,22,22,32,42,52,61,65,64,57,45,34,27,3.2,2.6,4.4,3.8,3.6,4.8,4.8,3.7,3.6,3.9,2.7,3.9,43,Columbus,Ohio,7
Fort Worth,Texas,874168,0.1794,342.9,2491,"Fort Worth, Texas",NA,TX,34,36,20,32,1,0.52,0.54,96,3776,36,40,49,55,64,73,75,75,68,56,48,36,2.4,2,4.7,3.5,3.9,5.1,3.3,2.1,3.5,2.9,2.9,1.6,54,NA,NA,NA
Indianapolis,Indiana,863002,0.0519,361.5,2366,"Indianapolis, Indiana",NA,IN,30,42,23,34,0.9,0.45,0.47,89,5746,20,21,32,42,52,62,65,65,57,45,33,25,3.5,2.6,4,5.3,4.8,5.7,4.9,3.3,3.4,3.2,3.3,4.1,59,Indianapolis,Indiana,3
Charlotte,North Carolina,859035,0.1745,305.4,2757,"Charlotte, North Carolina",NA,NC,26,30,27,33.8,0.9,0.48,0.5,99,4479,30,32,39,47,56,65,68,68,62,48,37,34,3.5,2.9,4.2,3.9,3.8,4.2,3.6,4.2,3.8,3,3.5,4.7,42,Charlotte,North Carolina,5
Seattle,Washington,724745,0.1907,83.8,8405,"Seattle, Washington",NA,WA,73,70,60,35.8,1,0.45,0.41,159,5891,36,37,40,43,49,54,58,58,54,47,40,36,5.1,3.8,4.9,3.1,2.2,1.5,0.4,0.6,1.6,3.9,6.6,6.1,49,Seattle,Washington,13
Denver,Colorado,704621,0.1741,153.3,4521,"Denver, Colorado",NA,CO,61,71,48,34.2,1,0.44,0.48,115,4343,21,22,30,35,44,54,60,59,51,39,29,19,1.8,2,2.1,4,5.2,4.6,5.7,4.5,5.7,4.1,2.2,2.9,54,Denver,Colorado,16
Washington,District of Columbia,693972,0.1533,61.1,11148,"Washington, District Of Columbia",NA,DC,0,0,0,33.8,0.9,0.34,0.43,152,5105,28,29,37,47,56,67,72,70,63,52,40,33,2.7,2.3,3.2,3.4,4.6,5.3,4.2,3.2,3.5,5,2.5,3.8,49,NA,NA,NA
Boston,Massachusetts,685094,0.1093,48.3,13938,"Boston, Massachusetts",NA,MA,81,69,73,31.7,0.9,0.34,0.43,148,2758,23,22,29,40,50,59,66,64,58,48,37,28,3.2,3.2,3.8,3.7,3.8,4.7,4.1,3.5,3,5,3.3,4.6,47,Boston,Massachusetts,7
El Paso,Texas,683577,0.0531,256.8,2660,"El Paso, Texas",NA,TX,41,39,31,32.6,1,0.54,0.47,85,2198,32,37,44,51,59,70,72,70,64,53,41,33,0.5,0.4,0.1,0.1,0.5,0.5,2.2,2.4,2.4,0.6,0.2,0.5,51,El Paso,Texas,4
Detroit,Michigan,673104,-0.057,138.8,4847,"Detroit, Michigan",NA,MI,55,52,38,34.8,0.9,0.32,0.45,80,6597,20,20,29,39,50,61,65,64,57,46,34,26,1.7,1.6,2.3,3,3.7,3.2,3.8,4.4,3.5,1.9,2.3,2.1,52,Detroit,Michigan,6
Nashville,Tennessee,667560,0.1103,475.9,1388,"Nashville, Tennessee",NA,TN,0,0,0,34,0.9,0.46,0.45,98,4956,29,31,39,49,56,66,69,69,61,49,38,33,4.2,3.4,4.1,5.6,5.1,3.9,5,4.5,4,4,3.8,5.1,45,Nashville,Tennessee,4
Memphis,Tennessee,652236,0.0083,317.4,2056,"Memphis, Tennessee",NA,TN,37,38,0,33.5,0.9,0.4,0.45,82,8301,32,35,44,52,61,71,73,73,66,53,42,35,4.5,3.7,5.4,5.9,5.8,3.6,4.6,3.9,3.4,3.7,4.2,5.6,44,Memphis,Tennessee,1
Portland,Oregon,647805,0.1097,133.5,4793,"Portland, Oregon",NA,OR,65,81,51,36.8,1,0.46,0.45,123,6193,34,36,39,42,48,53,57,58,53,47,40,34,4.9,3.4,4.8,3,2.8,1.7,0.5,0.5,1.8,3.7,6.2,6.2,38,Portland,Oregon,12
Oklahoma City,Oklahoma,643648,0.1097,606.3,1053,"Oklahoma City, Oklahoma",NA,OK,33,40,16,34,1,0.53,0.47,86,4540,27,31,40,48,57,67,71,70,62,50,39,28,1.3,1.7,2.6,4.3,5.9,5.2,4.4,3.9,3.7,3.3,1.3,1.6,47,Oklahoma City,Oklahoma,2
Las Vegas,Nevada,641676,0.0992,134.4,4709,"Las Vegas, Nevada",NA,NV,41,44,34,37.4,1,0.48,0.45,100,3562,38,43,49,55,64,71,79,77,68,57,48,37,6.1,3.9,1,0.6,0.2,0.5,1.7,2.7,3.4,8.6,1.8,2.9,54,Las Vegas,Nevada,6
Louisville,Kentucky,621349,0.0402,263.5,2339,"Louisville, Kentucky",NA,KY,0,0,0,37.3,0.9,0.5,0.43,91,4769,27,29,39,48,57,66,69,68,61,48,38,31,3.7,2.9,4.5,6.3,5.7,5.3,5.6,3.7,4.6,4.4,3.5,4.8,55,Louisville,Kentucky,6
Baltimore,Maryland,611648,-0.015,80.9,7598,"Baltimore, Maryland",NA,MD,69,52,57,34.7,0.9,0.36,0.41,100,6955,32,32,40,51,60,70,75,73,67,55,45,37,2.7,2.7,3.4,3.8,3.9,4.5,5,4.6,4.4,4.6,2.4,4.1,46,Baltimore,Maryland,9
Milwaukee,Wisconsin,595351,9e-4,96.2,6186,"Milwaukee, Wisconsin",NA,WI,62,54,49,31,0.9,0.36,0.52,89,5389,16,17,27,37,46,57,63,63,55,44,32,21,1.7,1.7,2.5,4.3,3.5,5,3.7,3.2,2.9,3.2,2.4,2.6,45,Milwaukee,Wisconsin,2
Albuquerque,New Mexico,558545,0.0233,188.2,2972,"Albuquerque, New Mexico",NA,NM,43,60,30,36,1,0.48,0.46,95,8735,25,29,35,42,50,62,66,64,58,46,34,26,0.4,0.4,0.3,0.5,0.5,0.5,1.9,1.5,1.5,0.9,0.3,0.8,51,Albuquerque,New Mexico,6
Tucson,Arizona,535677,0.0299,230.8,2299,"Tucson, Arizona",NA,AZ,42,64,34,33.2,1,0.42,0.45,92,6053,41,45,47,53,63,71,77,74,71,59,51,40,4.8,1.1,2.2,2.8,1.1,0,8.8,8.1,4.1,1.8,0,1.5,46,Tucson,Arizona,5
Fresno,California,527438,0.0663,114.4,4563,"Fresno, California",NA,CA,46,57,31,30.2,1,0.46,0.53,105,4406,38,42,46,49,56,62,69,67,62,54,45,38,2,1.7,1.6,1.4,0.3,0.2,0,0,0.1,0.4,0.9,2,80,Fresno,California,2
Sacramento,California,501901,0.0759,97.9,5059,"Sacramento, California",NA,CA,47,66,34,34.2,1,0.47,0.48,116,3612,38,41,44,47,52,57,59,58,56,50,43,38,3.3,3.1,2.9,1.8,0.5,0.3,0,0,0.1,1.2,1.6,3.8,55,Sacramento,California,7
Mesa,Arizona,496401,0.1306,137.9,3514,"Mesa, Arizona",NA,AZ,37,57,27,36.1,1,0.54,0.43,94,2588,45,48,54,60,68,79,84,83,77,65,54,45,0.8,0.7,0.5,0.2,0.2,0,0.9,1.4,0.8,0.2,0.4,0.9,74,Mesa,Arizona,2
Kansas City,Missouri,488943,0.0634,315,1528,"Kansas City, Missouri",NA,MO,34,32,29,35.3,0.9,0.46,0.45,90,6268,23,26,38,48,57,68,72,70,62,49,38,27,0.7,1.3,2.2,3.9,5,5.6,4.7,5.1,4.3,3.5,1.5,1.2,58,Kansas City,Missouri,8
Atlanta,Georgia,486290,0.1578,133.5,3539,"Atlanta, Georgia",NA,GA,49,41,46,33.5,1,0.34,0.43,105,5712,36,35,43,47,55,66,70,72,65,54,40,35,6.4,5.5,8.9,5.5,7.3,6.1,12.8,6.1,1.4,3.9,5.3,4.9,52,Atlanta,Georgia,11
Long Beach,California,469450,0.0156,50.3,9347,"Long Beach, California",NA,CA,70,61,51,34.2,1,0.44,0.49,140,3330,46,48,51,53,57,61,65,65,63,59,52,46,2.6,2.5,1,0.6,0.3,0,0.2,0,0.3,0.5,0.7,2.7,74,NA,NA,NA
Omaha,Nebraska,466893,0.1417,133.2,3356,"Omaha, Nebraska",NA,NE,45,40,0,34.2,1,0.51,0.48,89,4527,14,16,29,40,50,62,66,64,55,42,29,17,0.6,0.9,1.5,3.8,5.2,4.9,3.1,6.1,3.7,3,1,1.7,48,Omaha,Nebraska,3
Raleigh,North Carolina,464758,0.1507,145.1,3163,"Raleigh, North Carolina",NA,NC,30,37,29,32.9,0.9,0.46,0.51,105,2909,31,31,39,48,56,65,69,69,62,49,38,34,2.7,2.6,4.3,4.1,4.1,4.8,5.2,4.9,5.5,3.4,3.8,4.1,43,Raleigh,North Carolina,4
Colorado Springs,Colorado,464474,0.1154,195.6,2378,"Colorado Springs, Colorado",NA,CO,36,42,19,34.5,1,0.56,0.47,100,3741,23,25,31,34,42,57,60,57,54,42,31,22,1.5,1.5,2.8,5.2,7.4,4.1,5.3,5.2,3.3,4.1,2,1.2,44,NA,NA,NA
Miami,Florida,463347,0.1599,36,12599,"Miami, Florida",NA,FL,79,63,57,39.7,1,0.41,0.39,109,4735,60,61,64,69,73,76,77,77,76,73,67,64,1.8,2.3,2.6,3.9,6.2,10.8,9,10,10.1,7,2.9,2.7,41,Miami,Florida,1
Virginia Beach,Virginia,450435,0.0284,244.7,1850,"Virginia Beach, Virginia",NA,VA,33,41,20,35.4,1,0.56,0.46,118,2072,33,33,40,49,58,67,72,71,65,54,43,37,3.4,3.4,3.8,4.2,4.3,5.7,5.7,4.7,5.3,6,4.1,4.2,39,NA,NA,NA
Oakland,California,425195,0.0882,55.9,7514,"Oakland, California",NA,CA,72,65,56,36.2,1,0.44,0.46,154,7282,41,45,47,49,52,54,56,57,55,52,47,42,2.8,3.1,2.9,1.8,0.4,0.3,0,0,0.1,1,1.9,4.1,43,Oakland,California,1
Minneapolis,Minnesota,422331,0.1039,54,7660,"Minneapolis, Minnesota",NA,MN,69,82,58,31.9,1,0.38,0.49,106,5743,8,10,24,37,49,60,65,62,54,41,27,13,0.8,1,1.5,3.5,3.9,4.8,3.7,5.3,2.9,3.1,1.3,1.6,44,Minneapolis,Minnesota,6
Tulsa,Oklahoma,401800,0.0252,196.8,2048,"Tulsa, Oklahoma",NA,OK,40,44,23,34.9,1,0.5,0.47,93,6496,27,30,41,49,58,69,72,71,62,50,39,29,1.5,1.8,3.1,5.1,6.1,4.8,4.1,4.1,4.1,3.5,2.5,2.5,48,Tulsa,Oklahoma,4
Arlington,Texas,396394,0.0847,95.8,4100,"Arlington, Texas",NA,TX,37,37,0,32.8,1,0.51,0.49,96,3715,39,43,51,58,65,74,76,77,70,59,50,41,11,3.5,1.7,2.9,7.5,16.6,10.9,0.9,10.9,23.8,4.1,11,54,NA,NA,NA
New Orleans,Louisiana,393292,0.1439,169.4,2311,"New Orleans, Louisiana",NA,LA,58,64,44,35.5,0.9,0.38,0.42,99,5365,47,50,57,64,71,77,79,79,76,67,57,51,5.2,5.6,5.4,7.6,5.1,6.2,6.7,8.7,5.8,3.6,2.1,6.2,45,New Orleans,Louisiana,9
Wichita,Kansas,390591,0.0215,160.4,2431,"Wichita, Kansas",NA,KS,35,43,20,34.4,1,0.53,0.47,91,6558,21,24,36,45,54,66,70,68,59,46,34,23,0.6,1.4,2.4,3.6,6,5.9,4.8,5.8,3.8,2.5,1.3,1.3,39,NA,NA,NA
Cleveland,Ohio,385525,-0.0285,77.7,4965,"Cleveland, Ohio",NA,OH,60,50,47,35.8,0.9,0.34,0.47,88,6473,27,23,32,42,53,67,68,69,62,53,37,27,4.5,2,3,5,2.2,2.8,7.6,14,5.5,5.3,3.6,3.1,55,Cleveland,Ohio,12
Tampa,Florida,385430,0.1481,113.4,3326,"Tampa, Florida",NA,FL,50,55,32,35.1,0.9,0.43,0.45,100,2208,51,52,57,64,69,74,76,76,75,68,59,56,2.6,2.8,2.9,2.9,3.3,8.5,8.5,9.7,6.3,2.3,1.6,1.4,43,Tampa,Florida,4
Bakersfield,California,380874,0.0961,148.8,2529,"Bakersfield, California",NA,CA,37,41,27,30.4,1,0.53,0.54,112,4548,39,42,46,49,57,64,71,70,64,54,45,38,1.1,1,0.7,0.7,0.3,0,0,0,0.1,0.2,0.5,1.3,79,NA,NA,NA
Aurora,Colorado,366623,0.1278,153.5,2356,"Denver, Colorado",NA,CO,43,53,39,34.1,1,0.51,0.51,106,3612,21,22,30,35,44,54,60,59,51,39,29,19,1.8,2,2.1,4,5.2,4.6,5.7,4.5,5.7,4.1,2.2,2.9,54,Denver,Colorado,16
Anaheim,California,352497,0.0483,50,7021,"Anaheim, California",NA,CA,54,49,37,33.7,1,0.52,0.49,144,2985,46,48,51,54,58,62,66,66,65,59,52,45,2.3,1.7,1,0.5,0.3,0,0.1,0,0.2,0.4,0.6,2.5,85,Anaheim,California,2
Honolulu,Hawaii,350395,0.039,60.5,5815,"Honolulu, Hawaii",NA,HI,64,49,57,40.9,1,0.53,0.35,182,3021,66,67,68,70,71,74,75,75,74,73,71,68,1.8,1.4,2.9,1,1.2,0.4,0.6,1.1,1,1.3,2,2.9,30,NA,NA,NA
Santa Ana,California,334136,0.0296,27.1,12333,"Santa Ana, California",NA,CA,66,58,46,30.5,1,0.49,0.53,135,2579,48,49,52,54,59,62,66,66,65,60,54,48,2.3,1.9,0.9,0.6,0.3,0,0.1,0,0.2,0.5,0.7,2.4,85,Santa Ana,California,4
Riverside,California,327728,0.0785,81.2,3999,"Riverside, California",NA,CA,41,45,33,31.4,1,0.48,0.48,122,3567,44,45,47,50,55,59,65,65,63,56,49,44,1.6,1.2,0.7,0.5,0.2,0,0.2,0.1,0.2,0.2,0.5,1.9,85,NA,NA,NA
Corpus Christi,Texas,325605,0.0668,174.6,1866,"Corpus Christi, Texas",NA,TX,41,41,29,34.7,1,0.54,0.44,91,4268,51,54,62,68,74,78,79,80,76,67,60,53,2.6,1.1,2.6,0.7,1.6,0.9,2.9,1.8,5.5,1,1.1,1.3,39,Corpus Christi,Texas,3
Lexington,Kentucky,321959,0.0884,283.6,1123,"Lexington, Kentucky",NA,KY,0,0,0,0,0,0,0,0,0,NA,NA,NA,NA,NA,NA,NA,NA,NA,NA,NA,NA,NA,NA,NA,NA,NA,NA,NA,NA,NA,NA,NA,NA,NA,Lexington,Kentucky,2
Stockton,California,310496,0.0644,61.7,4977,"Stockton, California",NA,CA,42,51,28,31.8,1,0.5,0.53,108,5042,36,39,43,46,51,56,59,59,56,49,41,36,2.6,2,2,1.5,0.3,0.2,0.1,0.1,0.2,0.7,1.2,2.5,57,NA,NA,NA
St. Louis,Missouri,308626,-0.0334,62,5023,"Lake Saint Louis, Missouri",NA,MO,65,53,45,34.8,0.9,0.37,0.43,89,8124,24,26,37,47,56,65,68,66,58,47,36,29,1.8,1.6,3.7,5.3,4.8,4.4,3.9,3.1,4.2,3.1,2.8,3.1,60,NA,NA,NA
Saint Paul,Minnesota,306621,0.0756,52,5815,"Saint Paul, Minnesota",NA,MN,0,0,0,0,0,0,0,0,0,NA,NA,NA,NA,NA,NA,NA,NA,NA,NA,NA,NA,NA,NA,NA,NA,NA,NA,NA,NA,NA,NA,NA,NA,NA,NA,NA,NA
Henderson,Nevada,302539,0.1739,104.7,2798,"Henderson, Nevada",NA,NV,30,37,24,41.6,1,0.56,0.41,108,2018,35,40,47,53,61,73,80,77,68,56,44,35,1.8,1.8,0.9,1.6,1.2,1.7,2.1,3,2.5,2,1.8,2.7,54,NA,NA,NA
Pittsburgh,Pennsylvania,302407,-0.0108,55.4,5481,"Pittsburgh, Pennsylvania",NA,PA,62,51,54,32.9,1,0.39,0.39,91,3771,22,23,32,43,52,60,64,63,56,46,35,28,3.2,2.2,3.4,3.4,4.2,5.1,5.1,4.1,3.1,3.8,2.8,3.7,56,Pittsburgh,Pennsylvania,5
Cincinnati,Ohio,301301,0.0147,77.4,3860,"Cincinnati, Ohio",NA,OH,50,35,44,32.3,0.9,0.35,0.48,89,5997,24,24,34,43,52,61,65,63,56,45,33,28,2.7,2.6,4.1,4.9,3.9,4.5,4.7,2.7,3.3,3.6,2.9,3.7,54,NA,NA,NA
Anchorage,Alaska,294356,0.0087,1706.6,175,"Anchorage, Alaska",NA,AK,32,0,21,32.8,1,0.52,0.48,130,6619,9,12,15,30,41,49,54,51,43,31,14,11,0.5,0.5,0.6,0.4,0.5,1.1,1.9,2.9,3.5,1.5,0.6,0.8,29,NA,NA,NA
Greensboro,North Carolina,290222,0.0762,128.3,2237,"Greensboro, North Carolina",NA,NC,29,30,0,34.7,0.9,0.46,0.47,90,4288,29,30,38,47,56,65,69,68,61,49,37,33,3.1,2.4,3.5,3.7,3.7,4.5,4.1,4.6,4.3,3.7,3.7,3.8,38,Greensboro,North Carolina,2
Plano,Texas,286143,0.1012,71.7,3990,"Dallas, Texas",NA,TX,39,48,17,38.5,1,0.62,0.5,111,1884,39,42,51,58,66,75,77,78,71,60,50,40,7.1,2.6,7.1,9.9,11.4,5.8,2,1.4,0.5,14.4,8.2,6.1,54,Dallas,Texas,12
Newark,New Jersey,285154,0.0289,24.1,11691,"Newark, New Jersey",NA,NJ,80,50,65,33,1,0.35,0.53,112,3291,24,25,32,43,53,63,69,67,60,49,38,31,3.8,3.3,3.9,4.1,4.5,5.5,4.4,4.8,3.2,5.1,3.3,5,53,NA,NA,NA
Lincoln,Nebraska,284736,0.102,92.1,3044,"Lincoln, Nebraska",NA,NE,43,58,24,32.3,1,0.51,0.46,92,2580,13,16,28,39,49,61,65,62,53,40,28,16,0.6,0.8,1.3,3.3,5.7,5.4,3.1,4.4,4.6,3.2,1,1.5,34,Lincoln,Nebraska,1
Orlando,Florida,280257,0.1761,105.2,2635,"Orlando, Florida",NA,FL,42,55,33,33.2,0.9,0.4,0.47,98,6199,51,53,57,63,68,73,75,76,74,68,59,55,3,2.1,2.7,2.8,4.2,8.7,8.2,7.1,7.4,3.5,1.3,1.7,36,Orlando,Florida,3
Irvine,California,277453,0.3064,65.6,4057,"Irvine, California",NA,CA,44,66,27,34.5,1,0.56,0.51,179,1378,48,49,52,54,59,62,66,66,65,60,54,48,2.3,1.9,0.9,0.6,0.3,0,0.1,0,0.2,0.5,0.7,2.4,85,Irvine,California,1
Toledo,Ohio,276491,-0.0373,80.7,3451,"Toledo, Ohio",NA,OH,46,45,0,35.3,0.9,0.43,0.47,87,4960,22,16,28,38,49,61,63,64,56,48,33,22,3.8,1.6,3.5,6.2,2.5,4.9,7.4,8.9,4.4,2.8,4.5,4.2,36,Toledo,Ohio,1
Jersey City,New Jersey,270753,0.0935,14.8,17848,"Jersey City, New Jersey",NA,NJ,87,54,71,33.7,1,0.47,0.47,146,2316,24,25,32,43,53,63,69,67,60,49,38,31,3.8,3.3,3.9,4.1,4.5,5.5,4.4,4.8,3.2,5.1,3.3,5,53,Jersey City,New Jersey,1
Chula Vista,California,270471,0.1089,49.6,5387,"Chula Vista, California",NA,CA,42,36,35,34.1,1,0.56,0.52,136,1730,48,49,51,53,57,60,63,64,63,58,53,48,2.8,3.8,0.1,0,1.5,0,0,0,0.3,0,0.1,1.5,61,NA,NA,NA
Durham,North Carolina,267743,0.1726,109.8,2395,"Durham, North Carolina",NA,NC,29,36,29,33.3,0.9,0.46,0.48,95,4619,31,31,39,48,56,65,69,69,62,49,38,34,2.7,2.6,4.3,4.1,4.1,4.8,5.2,4.9,5.5,3.4,3.8,4.1,35,NA,NA,NA
Fort Wayne,Indiana,265904,0.0481,110.6,2391,"Fort Wayne, Indiana",NA,IN,29,40,22,34.9,0.9,0.52,0.47,87,3537,17,18,28,38,49,59,62,60,53,42,31,23,2.9,2.4,3.1,4,4.9,5.1,4.1,4.4,3.3,2.9,3.2,3.1,47,NA,NA,NA
St. Petersburg,Florida,263255,0.0755,61.8,4223,"Tampa, Florida",NA,FL,43,57,34,42.4,0.9,0.47,0.36,98,5011,56,57,62,68,73,77,78,79,77,72,63,60,2.4,1.8,2.8,2,2.8,7.3,7.6,8.9,7.1,2.3,1.4,1.3,43,Tampa,Florida,4
Laredo,Texas,260654,0.104,101.1,2544,"Laredo, Texas",NA,TX,41,40,0,28.5,1,0.54,0.55,77,2805,50,54,61,67,73,78,78,79,75,67,59,51,4.3,1,2.4,0.7,6.8,3.6,5,6.2,6.5,4.5,0.8,4,38,NA,NA,NA
Buffalo,New York,258612,-0.0103,40.4,6359,"Buffalo, New York",NA,NY,68,59,49,32.9,0.9,0.36,0.49,85,4855,18,17,25,36,47,57,62,61,54,44,33,25,3,2.7,2.7,3.6,3.1,4.3,3.4,3.9,4.5,5.2,3.5,4.2,41,Buffalo,New York,1
Madison,Wisconsin,255214,0.0944,77,3280,"Madison, Wisconsin",NA,WI,49,63,38,30.8,1,0.42,0.45,108,3037,14,18,30,38,50,59,66,61,51,40,33,20,2.9,1.6,2.6,5.8,5.4,6.3,3.9,5.2,2.8,8.9,2.9,3.2,42,Madison,Wisconsin,6
Lubbock,Texas,253888,0.1059,124.6,2027,"Lubbock, Texas",NA,TX,38,43,22,29.3,1,0.48,0.46,88,3002,26,29,38,45,54,65,68,66,59,48,35,27,0.8,0.8,1.2,1.2,3.1,2.2,2.6,2.1,3.1,1.7,0.5,0.9,26,Lubbock,Texas,2
Chandler,Arizona,253458,0.0734,64.9,3813,"Phoenix, Arizona",NA,AZ,35,53,24,35,1,0.56,0.51,106,2589,45,48,54,60,68,79,84,83,77,65,54,45,0.8,0.7,0.5,0.2,0.2,0,0.9,1.4,0.8,0.2,0.4,0.9,74,Phoenix,Arizona,8
Scottsdale,Arizona,249950,0.1498,183.9,1341,"Scottsdale, Arizona",NA,AZ,32,52,26,46.3,1,0.57,0.33,124,2329,45,48,54,60,68,79,84,83,77,65,54,45,0.8,0.7,0.5,0.2,0.2,0,0.9,1.4,0.8,0.2,0.4,0.9,74,NA,NA,NA
Reno,Nevada,248853,0.1049,107.3,2286,"Reno, Nevada",NA,NV,38,47,28,35.3,1,0.47,0.48,110,3759,24,28,32,37,45,53,61,58,50,40,30,23,1.4,1.1,0.6,0.5,0.6,0.3,0.3,0.2,0.1,0.8,0.6,1.1,50,Reno,Nevada,2
Glendale,Arizona,246709,0.0882,59.1,4161,"Phoenix, Arizona",NA,AZ,40,53,34,33.9,1,0.48,0.47,93,5019,41,44,50,56,64,75,83,81,74,60,49,41,3.6,1.5,2.3,5.5,8.4,0.2,8.1,6.2,2.8,0.9,1.4,2.9,74,Phoenix,Arizona,8
Norfolk,Virginia,244703,0.0078,53.3,4599,"Norfolk, Virginia",NA,VA,45,45,36,30.2,1.1,0.41,0.47,108,4305,35,36,43,52,61,70,74,73,68,58,46,40,3.1,2.5,3.5,3.5,4.2,4.9,4.8,6.1,5.7,5.5,3.3,3.5,39,Norfolk,Virginia,6
Winston–Salem,North Carolina,244605,0.0653,132.5,1828,"Winston Salem, North Carolina",NA,NC,0,0,0,0,0,0,0,0,0,NA,NA,NA,NA,NA,NA,NA,NA,NA,NA,NA,NA,NA,NA,NA,NA,NA,NA,NA,NA,NA,NA,NA,NA,NA,NA,NA,NA
North Las Vegas,Nevada,242975,0.1199,98,2436,"North Las Vegas, Nevada",NA,NV,33,42,31,31.5,1,0.5,0.52,99,3401,38,43,49,55,64,71,79,77,68,57,48,37,6.1,3.9,1,0.6,0.2,0.5,1.7,2.7,3.4,8.6,1.8,2.9,54,NA,NA,NA
Gilbert,Arizona,242354,0.1626,68,3487,"Phoenix, Arizona",NA,AZ,29,51,15,33.3,1,0.6,0.55,109,1471,45,48,54,60,68,79,84,83,77,65,54,45,0.8,0.7,0.5,0.2,0.2,0,0.9,1.4,0.8,0.2,0.4,0.9,74,Phoenix,Arizona,8
Chesapeake,Virginia,240397,0.0819,338.5,703,"Newport News, Virginia",NA,VA,22,35,13,36.7,1,0.59,0.44,117,2691,33,32,40,49,58,66,70,69,63,52,41,36,7.3,0.6,7.4,5,6.1,7.3,5.6,5.5,17.1,3.5,3.4,3.7,39,NA,NA,NA
Irving,Texas,240373,0.1113,67,3557,"Irving, Texas",NA,TX,43,39,31,32,1,0.53,0.54,96,2766,38,42,50,58,65,75,78,78,72,60,49,41,3,2.1,2.7,3.8,5.4,4.7,1.5,3,2.8,3.5,3.3,3,54,NA,NA,NA
Hialeah,Florida,239673,0.0668,21.5,10995,"Hialeah, Florida",NA,FL,69,51,39,43.5,0.9,0.5,0.38,101,2412,61,59,63,64,70,74,77,78,76,76,67,62,1.8,5.2,5.3,6.2,12.5,15.6,9.3,2.1,8.6,9,4.4,1,41,NA,NA,NA
Garland,Texas,238002,0.049,57,4122,"Dallas, Texas",NA,TX,39,38,29,34.1,1,0.56,0.49,94,3349,37,41,47,55,62,71,74,74,69,58,47,40,6.3,4.5,6.1,8.2,8.7,9.1,9,8.4,9.7,13.3,7.5,7.9,54,Dallas,Texas,12
Fremont,California,234962,0.0975,77.5,3008,"Fremont, California",NA,CA,44,49,37,37.5,1,0.66,0.53,183,2333,42,46,46,48,52,56,57,58,57,53,48,42,3.5,3.3,2.6,1.8,0.6,0.1,0,0,0.2,1.4,1.3,3.2,48,NA,NA,NA
Richmond,Virginia,227032,0.1117,59.8,3732,"Richmond, Virginia",NA,VA,51,51,0,33.2,0.9,0.34,0.44,100,2001,28,29,37,46,55,65,69,68,61,49,38,33,3.2,2.5,3.7,3.7,4.2,4.5,4.6,5.4,4.7,4.2,3.7,4.3,39,Richmond,Virginia,5
Boise,Idaho,226570,0.1016,82.1,2718,"Boise, Idaho",NA,ID,0,0,0,35.8,1,0.52,0.45,96,2724,23,28,34,37,45,53,62,60,52,41,32,23,1.3,0.9,1.5,1.2,1.2,0.8,0.2,0.3,0.5,1,1.3,1.9,36,Boise,Idaho,2
Baton Rouge,Louisiana,225374,-0.0179,85.9,2651,"Baton Rouge, Louisiana",NA,LA,41,43,0,31.3,0.9,0.39,0.41,95,6621,44,45,51,58,66,72,74,74,70,58,49,45,5.2,5,3.1,3.2,5.7,3,5.2,7.9,6.9,5.6,2.7,9.3,46,Baton Rouge,Louisiana,1
Des Moines,Iowa,217521,0.0693,88.9,2424,"Des Moines, Iowa",NA,IA,45,38,29,33.7,1,0.49,0.51,86,5083,14,17,30,41,51,62,66,64,56,43,31,18,0.9,1.2,2.2,4.9,4.9,6.5,4.2,5.1,3.7,3.2,1.8,2.1,41,Des Moines,Iowa,5
Spokane,Washington,217108,0.0392,68.7,3144,"Spokane, Washington",NA,WA,48,48,36,35.8,1,0.49,0.46,94,7858,25,28,32,36,43,50,57,55,47,39,32,25,2,1.4,2.4,1.3,1.2,2,0.5,0.4,0.6,1.7,2,2.4,39,Spokane,Washington,1
San Bernardino,California,216995,0.0337,61.5,3516,"San Bernardino, California",NA,CA,42,40,37,28.9,1,0.42,0.53,107,5159,44,45,47,50,55,59,65,65,63,56,49,44,1.6,1.2,0.7,0.5,0.2,0,0.2,0.1,0.2,0.2,0.5,1.9,85,NA,NA,NA
Modesto,California,214221,0.0649,43,4934,"Modesto, California",NA,CA,45,46,30,35.3,1,0.53,0.47,109,4932,38,42,46,49,54,60,64,63,59,52,44,38,2.4,1.9,1.7,1.3,0.4,0.2,0,0,0.1,0.7,1.1,2.3,55,NA,NA,NA
Tacoma,Washington,213418,0.0757,49.7,4251,"Tacoma, Washington",NA,WA,53,47,0,36,1,0.47,0.44,112,6388,36,36,41,43,48,51,55,55,51,47,40,37,6.8,2.9,6.1,3.5,3.5,1.9,3.2,0.9,3.3,3.5,6.5,9,17,NA,NA,NA
Fontana,California,211815,0.0803,43,4876,"Los Angeles, California",NA,CA,36,39,29,30.2,1,0.51,0.55,122,2101,43,47,48,50,55,58,65,65,60,57,50,43,11.6,9.6,2.1,4.1,4.8,0.1,0.2,2.3,2.1,4.3,7.7,3.3,85,Los Angeles,California,16
Santa Clarita,California,210888,0.1961,52.8,3446,"Los Angeles, California",NA,CA,34,30,0,37.7,1,0.56,0.46,141,1587,45,46,47,47,53,59,65,63,61,57,53,44,19.1,5.8,3.2,3,0.6,0,0,0,28.1,5.9,1.3,4,74,Los Angeles,California,16
Birmingham,Alabama,210710,-0.0072,146.1,1452,"Birmingham, Alabama",NA,AL,35,24,25,35.7,0.9,0.38,0.4,82,3482,35,38,46,53,61,70,72,72,66,54,43,39,5,5.3,5.6,5.9,4.9,4.6,6.2,5,4,3.3,3.6,5.7,50,Birmingham,Alabama,4
Oxnard,California,210037,0.0613,26.9,7729,"Oxnard, California",NA,CA,53,51,33,31.4,1,0.5,0.51,133,2976,47,47,49,50,53,57,60,60,58,55,50,46,3.1,2.7,1.4,1,0.2,0,0,0,0.1,0.5,0.6,2.1,48,NA,NA,NA
Fayetteville,North Carolina,209889,0.0465,147.7,1386,"Fayetteville, North Carolina",NA,NC,21,29,0,30.7,1,0.5,0.46,94,4981,34,35,43,52,60,68,72,71,65,53,42,38,2.6,3.1,2.9,3.7,3.7,4.9,4.4,5.2,5.2,3.7,3.2,3.6,37,NA,NA,NA
Rochester,New York,208046,-0.012,35.8,5835,"Rochester, New York",NA,NY,65,53,43,31.3,1,0.31,0.5,88,4701,18,17,25,36,47,56,61,59,53,43,33,25,2.1,2.2,2.2,3.1,2.9,3.8,4.5,3.5,3.3,4.4,2.6,3,36,Rochester,New York,7
Moreno Valley,California,207226,0.0717,51.3,4006,"Los Angeles, California",NA,CA,30,35,29,30.1,0.9,0.49,0.51,117,3449,41,44,46,47,53,55,63,63,56,51,46,39,10,5.7,2.7,1.7,2.2,1.2,0,0.1,1,3.9,19.8,4.9,85,Los Angeles,California,16
Glendale,California,203054,0.0591,30.4,6606,"Los Angeles, California",NA,CA,69,46,45,41,0.9,0.57,0.37,164,1676,45,46,49,52,56,60,65,65,63,57,50,44,3.3,2.5,2,0.6,0.2,0,0,0,0.2,0.5,0.6,2.1,74,Los Angeles,California,16
Yonkers,New York,202019,0.0308,18,11156,"New York, New York",NA,NY,71,36,53,38.5,0.9,0.5,0.45,151,1406,27,27,34,45,54,64,71,70,64,53,42,34,3.5,2.9,3.8,4.4,4.2,4.9,4.3,5,3.3,5.1,3.2,4.9,53,New York,New York,8
Huntington Beach,California,201874,0.0625,26.9,7459,"Los Angeles, California",NA,CA,55,65,32,41.4,1,0.55,0.39,169,2347,48,49,52,54,59,62,66,66,65,60,54,48,2.3,1.9,0.9,0.6,0.3,0,0.1,0,0.2,0.5,0.7,2.4,74,Los Angeles,California,16
Aurora,Illinois,200965,0.0155,44.9,4479,"Aurora, Illinois",NA,IL,40,53,22,32,1,0.54,0.57,98,1580,18,16,29,38,49,60,60,62,54,45,30,16,4.1,3.2,3.7,5.9,4,4.6,9.3,8.2,2.4,5,3.4,2.7,60,NA,NA,NA
Salt Lake City,Utah,200544,0.0756,111.2,1742,"Salt Lake City, Utah",NA,UT,57,70,44,31.8,1.1,0.46,0.47,105,8928,20,27,33,38,46,57,67,64,54,42,32,22,1.3,1.1,1.8,2.4,2,0.9,0.5,0.7,1.3,1.2,1.2,1.6,47,Salt Lake City,Utah,13
Amarillo,Texas,199826,0.0479,101.4,1968,"Amarillo, Texas",NA,TX,39,41,0,33.4,1,0.56,0.47,85,5127,23,25,34,41,50,62,65,64,57,44,33,24,0.8,0.7,1.2,1.4,2.7,2.4,3.5,4.2,2,1.7,0.7,0.7,40,NA,NA,NA
Montgomery,Alabama,199518,-0.0304,159.8,1252,"Montgomery, Alabama",NA,AL,27,32,16,35.1,0.9,0.46,0.46,88,5061,38,40,48,55,63,71,73,73,68,56,45,42,10.3,9,9.6,9.2,10.1,10.6,10.1,7.8,7.6,8.8,9.5,11.5,37,NA,NA,NA
Grand Rapids,Michigan,198829,0.0574,44.4,4424,"Grand Rapids, Michigan",NA,MI,55,49,39,31.1,1,0.43,0.47,88,2785,18,17,25,36,47,57,61,60,52,42,32,24,2.5,2,2.5,4.5,3.3,4.8,4.3,3.8,3.2,4.9,2.7,2.5,39,Grand Rapids,Michigan,6
Little Rock,Arkansas,198606,0.0263,118.7,1673,"Little Rock, Arkansas",NA,AR,32,28,19,35.9,0.9,0.48,0.43,95,8566,33,36,45,53,61,71,73,73,66,53,43,36,3.6,3.7,5.6,6.5,7,3.1,4.4,3.6,3.5,4.3,5.1,6.4,47,NA,NA,NA
Akron,Ohio,197846,-0.0063,62,3188,"Akron, Ohio",NA,OH,45,41,0,36.7,0.9,0.42,0.43,81,4932,20,20,29,40,50,59,63,62,55,44,34,26,1.9,1.7,2.6,2.6,3.5,4.7,3.5,3.3,3.1,3.2,2.3,2.6,34,NA,NA,NA
Augusta,Georgia,197166,0.0068,302.5,652,"Augusta, Georgia",NA,GA,0,0,0,33.5,0.9,0.43,0.4,87,3217,39,41,48,56,63,71,73,73,68,57,46,43,3.3,3.6,3.4,3.1,2.7,4.6,4.4,5.4,3.3,2.3,2.6,4.9,42,NA,NA,NA
Huntsville,Alabama,194585,0.0804,213.4,905,"Huntsville, Alabama",NA,AL,23,36,12,37,1,0.51,0.42,99,5635,35,38,46,54,62,71,73,72,65,54,44,39,11.1,7.1,6.7,10.2,7.9,4.8,5.6,7.4,33.9,26.5,11,12.3,37,NA,NA,NA
Columbus,Georgia,194058,0.022,216.4,913,"Columbus, Georgia",NA,GA,26,27,0,33.6,1,0.48,0.48,93,5091,38,39,47,54,62,70,73,73,67,56,45,41,4.8,5.5,4.9,5.1,3.5,4.3,4.3,5.4,2.9,2.8,3.9,6.6,39,NA,NA,NA
Grand Prairie,Texas,193837,0.1051,72.3,2637,"Grand Prairie, Texas",NA,TX,32,33,0,32.5,1,0.55,0.5,95,2732,39,43,51,58,65,74,76,77,70,59,50,41,11,3.5,1.7,2.9,7.5,16.6,10.9,0.9,10.9,23.8,4.1,11,54,NA,NA,NA
Shreveport,Louisiana,192036,-0.0365,107.1,1820,"Shreveport, Louisiana",NA,LA,32,36,0,35.1,0.9,0.46,0.44,88,6529,38,41,49,56,64,72,75,75,68,56,47,40,4.3,3.4,4.7,4.5,3.6,3.4,4,2.7,3,4.1,4.1,4.3,43,NA,NA,NA
Overland Park,Kansas,191278,0.1033,75.1,2516,"Kansas City, Kansas",NA,KS,35,45,15,38.1,1,0.6,0.47,103,1895,23,27,39,45,57,66,69,71,62,50,37,23,4.4,4.9,5.2,4.7,8.9,15.3,9.5,10.9,4.7,8.9,4,3.3,58,NA,NA,NA
Tallahassee,Florida,191049,0.0533,100.4,1901,"Tallahassee, Florida",NA,FL,32,43,30,26.5,0.9,0.34,0.44,98,5680,39,40,46,53,61,70,72,73,69,57,46,43,4.1,5,4.3,4.9,2.9,7.6,6.5,8.3,3.9,2.7,3.5,5.7,36,NA,NA,NA
Mobile,Alabama,190265,-0.0248,139.4,1384,"Mobile, Alabama",NA,AL,33,33,0,36.6,0.9,0.47,0.41,91,6194,42,44,51,59,65,73,74,75,71,60,49,46,4.5,4.6,5.1,5.2,5.3,5.5,6.3,7.3,3.9,4.3,3.3,6.3,31,Mobile,Alabama,1
Port St. Lucie,Florida,189344,0.1503,118.9,1557,"Fort Lauderdale, Florida",NA,FL,14,34,0,41.1,1,0.57,0.4,101,1226,55,51,58,58,67,72,74,74,73,72,62,56,1.7,2.4,5.3,8.9,6.5,10.4,11.4,5.5,5.3,8,6,7.8,29,Fort Lauderdale,Florida,2
Knoxville,Tennessee,187347,0.0474,98.5,1891,"Knoxville, Tennessee",NA,TN,31,25,0,33,0.9,0.42,0.42,81,6338,29,31,39,47,56,65,68,67,61,48,37,32,4.8,3.6,4.5,5.5,3.6,3.8,5.6,4,4.4,3.4,4.1,6.2,46,Knoxville,Tennessee,1
Worcester,Massachusetts,185677,0.0256,37.4,4933,"Worcester, Massachusetts",NA,MA,56,36,35,34,1,0.42,0.45,118,2913,18,18,25,37,48,55,63,61,55,44,33,25,3.2,3.5,3.5,4.2,3.9,5.6,3.4,5.3,4.1,5.7,3.4,4.8,38,Worcester,Massachusetts,4
Tempe,Arizona,185038,0.1442,40,4562,"Tempe, Arizona",NA,AZ,54,71,47,28.5,1.1,0.34,0.39,101,4596,45,48,54,60,68,79,84,83,77,65,54,45,0.8,0.7,0.5,0.2,0.2,0,0.9,1.4,0.8,0.2,0.4,0.9,74,Tempe,Arizona,2
Cape Coral,Florida,183365,0.1883,105.6,1703,"Tampa, Florida",NA,FL,17,37,0,45,0.9,0.59,0.37,98,1694,55,56,59,64,69,74,75,76,74,69,61,59,3,1.9,2.3,2.2,3.2,9.9,10.4,10.7,9.1,4,1.5,1.8,33,Tampa,Florida,4
Brownsville,Texas,183299,0.0473,132.5,1387,"Brownsville, Texas",NA,TX,39,40,0,30.7,0.9,0.56,0.54,78,3052,51,54,60,66,71,75,76,77,73,66,59,53,1.4,1.1,1.5,1.2,2.6,2.2,4.1,1.7,7.1,3.4,1.9,1.7,41,NA,NA,NA
Mckinney,Texas,181330,0.383,63,2735,"Dallas, Texas",NA,TX,0,0,0,34.6,1,0.64,0.58,101,1492,33,38,47,54,62,71,73,74,66,54,45,36,2.9,1.9,3.9,4.2,4.7,3.4,2.7,2.1,2.9,4.6,3.5,3.1,54,Dallas,Texas,12
Providence,Rhode Island,180393,0.0132,18.4,9740,"Providence, Rhode Island",NA,RI,79,59,47,29.4,0.9,0.35,0.53,110,3828,22,21,28,39,48,58,65,63,56,46,36,27,4,3.8,5,4.7,3.7,4.8,4,3.6,4.3,5.9,4.4,5.2,45,Providence,Rhode Island,4
Fort Lauderdale,Florida,180072,0.0879,34.6,5166,"Fort Lauderdale, Florida",NA,FL,59,56,39,42,1.1,0.43,0.37,114,6121,60,60,64,69,72,75,77,77,76,73,66,64,1.9,1.8,3.4,3.2,4.2,5.9,6.2,6.9,8.2,4.9,3.8,2.8,41,Fort Lauderdale,Florida,2
Newport News,Virginia,179388,-0.0074,69.1,2631,"Newport News, Virginia",NA,VA,35,40,26,32.9,0.9,0.47,0.45,100,3541,32,32,40,49,58,67,71,70,64,53,41,36,2.8,2.6,3,3.5,3.9,4.5,5.3,5.4,5.3,6,3.5,3.6,39,NA,NA,NA
Chattanooga,Tennessee,179139,0.0684,143.1,1241,"Chattanooga, Tennessee",NA,TN,29,30,26,37,0.9,0.46,0.42,91,7052,31,32,41,49,57,66,70,70,63,50,38,35,5,3.9,4.8,6,3.7,3.4,5.5,4.2,4.5,4.3,4.5,6.5,44,NA,NA,NA
Rancho Cucamonga,California,177452,0.0737,40,4413,"Los Angeles, California",NA,CA,38,43,25,36.1,1,0.54,0.47,140,2529,44,45,48,51,55,60,65,65,64,57,49,43,2.3,2,1.2,0.7,0.4,0,0.1,0,0.2,0.4,0.6,2.6,85,Los Angeles,California,16
Frisco,Texas,177286,0.5154,67.7,2417,"Dallas, Texas",NA,TX,22,32,0,36.2,1,0.7,0.64,111,1590,39,42,51,58,66,75,77,78,71,60,50,40,7.1,2.6,7.1,9.9,11.4,5.8,2,1.4,0.5,14.4,8.2,6.1,54,Dallas,Texas,12
Sioux Falls,South Dakota,176888,0.1495,75.4,2312,"Sioux Falls, South Dakota",NA,SD,37,42,17,34.3,1,0.54,0.48,93,3308,8,10,24,35,45,57,61,59,51,38,24,11,0.6,0.9,1.3,3,3.9,5.2,3.2,4.4,3.2,3.1,1,1.4,40,Sioux Falls,South Dakota,1
Oceanside,California,176193,0.0545,41.3,4249,"Oceanside, California",NA,CA,35,28,33,36.8,1,0.56,0.41,135,2705,41,46,49,50,56,57,62,63,55,51,47,40,11.8,7,1.6,2.3,0.3,0.2,0.1,7,0.5,1.3,3.1,3.3,61,NA,NA,NA
Ontario,California,175841,0.0727,49.9,3471,"Ontario, California",NA,CA,45,43,26,31.9,1,0.5,0.51,124,2951,44,45,48,51,55,60,65,65,64,57,49,43,2.3,2,1.2,0.7,0.4,0,0.1,0,0.2,0.4,0.6,2.6,85,NA,NA,NA
Vancouver,Washington,175673,0.0858,46.9,3728,"Vancouver, Washington",NA,WA,41,59,35,36.5,1,0.52,0.46,111,3460,34,36,39,42,48,53,57,57,52,46,40,34,5.4,3.7,4.9,2.9,2.6,1.7,0.5,0.4,1.5,3.7,6.2,6.2,38,NA,NA,NA
Santa Rosa,California,175269,0.0444,41.3,4241,"Santa Rosa, California",NA,CA,44,48,28,38,0.9,0.51,0.46,149,2249,36,39,41,43,46,50,52,52,49,46,41,36,6,5.7,4.6,2.4,1.1,0.4,0,0,0.2,2,3.2,6.9,35,NA,NA,NA
Garden Grove,California,174226,0.0196,18,9714,"Los Angeles, California",NA,CA,61,54,39,37.4,1,0.54,0.45,142,2821,45,47,50,52,57,60,64,64,62,57,50,44,7.4,5.5,2.6,1.3,2.3,0.1,0.5,0.2,5.2,1.7,2.9,7.6,74,Los Angeles,California,16
Elk Grove,California,171844,0.1231,42.2,4022,"Sacramento, California",NA,CA,32,41,0,35.4,1,0.59,0.51,127,1625,38,41,44,47,52,57,59,58,56,50,43,38,3.3,3.1,2.9,1.8,0.5,0.3,0,0,0.1,1.2,1.6,3.8,55,Sacramento,California,7
Pembroke Pines,Florida,170712,0.1084,33,5109,"Miami, Florida",NA,FL,32,41,24,39.9,0.9,0.56,0.45,112,2367,59,60,63,68,72,75,76,77,76,72,66,64,2.4,2.8,2.4,3.4,4.3,6.8,8.1,7.5,8.3,6.6,3.1,3,41,Miami,Florida,1
Salem,Oregon,169798,0.098,48.6,3445,"Salem, Oregon",NA,OR,42,61,31,34.6,1,0.51,0.49,106,4621,34,35,37,39,45,50,54,54,50,43,38,33,5.6,4.1,5.4,2.9,2.3,1.3,0.3,0.4,1.8,4.1,6.7,7.4,31,NA,NA,NA
Eugene,Oregon,168916,0.0815,44.1,3777,"Eugene, Oregon",NA,OR,45,71,36,33.9,1,0.44,0.43,113,4116,33,34,37,38,43,47,51,51,47,42,37,32,4.9,4.3,5,2.6,2.2,1.2,0.4,0.3,1.2,3.6,6,6.7,36,Eugene,Oregon,1
Peoria,Arizona,168181,0.0916,175.7,934,"Phoenix, Arizona",NA,AZ,29,43,14,39.2,0.9,0.58,0.45,107,2290,41,44,50,56,64,75,83,81,74,60,49,41,3.6,1.5,2.3,5.5,8.4,0.2,8.1,6.2,2.8,0.9,1.4,2.9,74,Phoenix,Arizona,8
Corona,California,167836,0.1015,39.5,4222,"Corona, California",NA,CA,38,31,18,34.4,1,0.57,0.5,135,2081,40,38,42,44,48,53,58,59,56,48,41,36,4.3,2.6,2.9,2.8,1.6,5.5,2.7,1.5,4.5,8.5,0.9,1.5,85,NA,NA,NA
Springfield,Missouri,167376,0.0494,82.3,2033,"Kansas City, Missouri",NA,MO,38,49,0,32.8,0.9,0.45,0.42,85,10192,23,25,36,45,54,64,68,66,58,46,35,26,2.4,2.1,3.8,5.2,5.9,4.7,4.3,4,5.4,4,3.2,3,39,Kansas City,Missouri,8
Jackson,Mississippi,166965,-0.0377,111,1524,"Jackson, Mississippi",NA,MS,28,32,19,32.1,0.9,0.38,0.45,83,5132,39,41,49,56,63,71,73,73,68,55,46,41,5,5.2,5.7,5.5,4.9,3.6,4.4,4,3.6,3.5,4,5.3,42,NA,NA,NA
Cary,North Carolina,165904,0.2268,56.5,2873,"Cary, North Carolina",NA,NC,26,37,17,38.8,1,0.66,0.53,116,1139,31,31,39,48,56,65,69,69,62,49,38,34,2.7,2.6,4.3,4.1,4.1,4.8,5.2,4.9,5.5,3.4,3.8,4.1,43,NA,NA,NA
Fort Collins,Colorado,165080,0.1465,55.8,2943,"Fort Collins, Colorado",NA,CO,36,77,29,29.3,1,0.45,0.47,110,2755,18,20,28,34,43,52,57,56,50,38,27,16,2.6,0.5,1.4,3.7,4.4,2.1,2.6,2.6,1.8,2.2,1.2,0.4,46,NA,NA,NA
Hayward,California,160500,0.1131,45.5,3493,"Hayward, California",NA,CA,53,52,40,34.6,1,0.52,0.45,145,3461,42,46,46,48,52,56,57,58,57,53,48,42,3.5,3.3,2.6,1.8,0.6,0.1,0,0,0.2,1.4,1.3,3.2,48,NA,NA,NA
Lancaster,California,160316,0.0235,94.3,1698,"Lancaster, California",NA,CA,28,40,0,31.8,1,0.47,0.5,110,2824,30,34,40,44,53,62,68,65,56,46,36,30,1.6,1.2,0.6,0.3,0.1,0,0.2,0,0.2,0.4,0.4,1,74,NA,NA,NA
Alexandria,Virginia,160035,0.1434,15,10387,"Washington, District Of Columbia",NA,VA,60,58,54,36.2,0.9,0.48,0.44,151,1734,28,29,37,47,56,67,72,70,63,52,40,33,2.7,2.3,3.2,3.4,4.6,5.3,4.2,3.2,3.5,5,2.5,3.8,49,NA,NA,NA
Salinas,California,157596,0.0476,23.6,6662,"Salinas, California",NA,CA,53,50,31,30.1,1,0.48,0.56,121,3674,40,43,44,45,50,53,55,55,53,49,45,41,2.9,2.9,2.5,1.8,0.5,0.1,0,0.1,0.2,0.7,0.9,2.4,36,NA,NA,NA
Palmdale,California,157519,0.0312,106,1484,"Palmdale, California",NA,CA,25,32,0,30.4,1,0.51,0.54,113,2113,32,36,40,44,52,60,68,66,59,48,39,32,1.1,1.2,0.7,0.3,0.1,0,0.2,0,0.2,0.5,0.4,1,74,NA,NA,NA
Lakewood,Colorado,154958,0.0838,42.9,3599,"Denver, Colorado",NA,CO,43,56,38,38.1,1,0.51,0.4,113,5503,19,20,28,33,42,53,59,57,49,37,28,18,0.5,0.5,0.9,2,2.3,2,2.3,2.1,1.7,1.3,0.4,0.5,54,Denver,Colorado,16
Springfield,Massachusetts,154758,0.0111,31.9,4830,"Boston, Massachusetts",NA,MA,59,44,40,32.6,0.9,0.38,0.49,102,3846,16,16,26,36,46,55,61,58,51,41,30,23,5.4,5.5,6.7,5.7,6.3,7.6,7.3,8.2,7.9,8.1,5.8,6.5,39,Boston,Massachusetts,7
Sunnyvale,California,153656,0.0969,22,6944,"Los Angeles, California",NA,CA,55,71,41,35.4,1.1,0.63,0.5,202,1849,42,45,47,49,53,56,59,59,57,53,47,42,2.4,2.4,2,1.3,0.3,0.2,0,0,0.1,0.7,1.3,2.6,48,Los Angeles,California,16
Hollywood,Florida,153627,0.0913,27.3,5568,"Hollywood, Florida",NA,FL,55,54,34,42.6,1,0.49,0.41,105,3318,61,61,64,69,74,77,78,79,77,75,68,66,1.4,3.3,3.3,2.8,3.9,9.1,7.5,6.4,7,6,2.1,3.5,41,NA,NA,NA
Pasadena,Texas,153520,0.03,43.5,3525,"Houston, Texas",NA,TX,44,44,0,31.2,1,0.53,0.53,87,2912,46,50,57,63,68,75,77,77,73,64,55,49,3.8,2.3,4,4.9,7.1,3.9,4,8,4.6,4,3.6,4,52,Houston,Texas,11
Clarksville,Tennessee,153205,0.1525,98.3,1529,"Clarksville, Tennessee",NA,TN,18,24,0,29,1,0.56,0.54,94,3501,34,31,41,47,55,64,68,70,62,52,37,31,8.8,6.3,4.7,7.6,5.2,12.3,3.3,9.5,5.3,11.8,5.4,8.4,41,NA,NA,NA
Pomona,California,152939,0.026,23,6630,"Pomona, California",NA,CA,52,45,35,31,1,0.45,0.49,125,3487,40,41,44,47,52,57,62,61,59,52,44,39,1.6,1.4,0.8,0.4,0.3,0,0.1,0,0.1,0.3,0.4,2,85,Pomona,California,2
Kansas City,Kansas,152938,0.0491,124.8,1216,"Kansas City, Kansas",NA,KS,32,25,22,33.3,1,0.48,0.49,84,3214,23,26,38,48,57,68,72,70,62,49,38,27,0.7,1.3,2.2,3.9,5,5.6,4.7,5.1,4.3,3.5,1.5,1.2,58,NA,NA,NA
Macon,Georgia,152663,0.6712,249.3,612,"Macon, Georgia",NA,GA,31,28,0,0,0,0,0,0,0,NA,NA,NA,NA,NA,NA,NA,NA,NA,NA,NA,NA,NA,NA,NA,NA,NA,NA,NA,NA,NA,NA,NA,NA,NA,NA,NA,NA
Escondido,California,151969,0.056,37.1,4087,"Escondido, California",NA,CA,42,36,30,33.3,1,0.53,0.5,131,2081,36,37,39,42,48,51,57,57,55,48,41,36,2.8,2.8,1.5,0.9,0.5,0,0.3,0.1,0.2,0.7,1.1,3.2,61,NA,NA,NA
Paterson,New Jersey,148678,0.017,8.4,17500,"Newark, New Jersey",NA,NJ,81,45,48,33,0.9,0.39,0.51,115,2997,24,21,27,39,49,61,65,65,56,49,34,26,5,3.2,8.8,10.1,2.7,6.6,8.4,7.9,2.2,15.6,6.5,8,53,NA,NA,NA
Joliet,Illinois,148462,0.007,64.4,2302,"Joliet, Illinois",NA,IL,34,42,17,33.4,1,0.53,0.55,96,2134,18,19,31,41,50,60,64,62,55,44,33,23,2.5,2.8,4.5,4.9,4.7,5.4,5.7,6.8,5.4,5.7,4.9,3.7,60,Joliet,Illinois,5
Naperville,Illinois,147682,0.0411,38.7,3802,"Joliet, Illinois",NA,IL,35,46,21,38.5,1,0.66,0.52,126,1252,17,18,31,40,51,60,64,62,55,44,33,22,3.1,3,5.2,4.8,5.9,6.7,4.1,7.7,3.2,7.3,3.9,3.7,60,Joliet,Illinois,5
Rockford,Illinois,147051,-0.0381,63.5,2325,"Rockford, Illinois",NA,IL,42,42,0,36,1,0.49,0.48,83,5156,14,15,27,37,47,58,62,61,53,42,30,18,1.7,1.6,2.7,4.3,3.4,5.1,4.9,5.3,2.8,2.9,2.4,2.5,31,NA,NA,NA
Torrance,California,146758,0.0091,20.5,7180,"Torrance, California",NA,CA,64,52,37,41.7,1,0.6,0.42,167,2355,48,51,54,55,59,61,66,67,63,59,56,50,8.9,7.7,2.5,3.7,1.5,0,0,0,4.9,4,2.7,3.4,74,NA,NA,NA
Bridgeport,Connecticut,146579,0.0163,16.1,9064,"Bridgeport, Connecticut",NA,CT,68,50,0,33.2,0.9,0.39,0.49,108,3238,23,23,30,41,50,60,67,66,59,48,38,29,3.3,3.6,4,4.3,3.9,4.9,3.5,4.2,3.8,4.7,3,5.4,47,NA,NA,NA
Savannah,Georgia,146444,0.0745,103.6,1417,"Savannah, Georgia",NA,GA,43,49,0,31.8,0.9,0.39,0.43,94,3217,41,42,49,56,64,71,74,74,69,59,48,45,7.1,6.3,7.9,7.4,7.2,9.3,9.2,11.3,9.3,8.4,4.8,7.5,40,NA,NA,NA
Killeen,Texas,145482,0.1373,53.5,2680,"Killeen, Texas",NA,TX,28,34,0,28.1,1,0.57,0.57,87,3582,40,44,51,59,65,73,76,76,70,60,50,42,3.1,1.6,5,3.3,5.5,2.9,1.9,1.5,3.6,4.3,1.4,1.8,36,NA,NA,NA
Bellevue,Washington,144444,0.1805,33.5,4221,"Bellevue, Iowa",NA,WA,40,39,38,38.2,1,0.62,0.47,176,3006,36,37,40,43,49,54,58,58,54,47,40,36,5.1,3.8,4.9,3.1,2.2,1.5,0.4,0.6,1.6,3.9,6.6,6.1,49,NA,NA,NA
Mesquite,Texas,143949,0.0295,47.2,3045,"Dallas, Texas",NA,TX,36,37,0,32.3,0.9,0.52,0.51,93,4072,36,39,48,55,62,71,73,73,66,55,47,38,5.2,4.8,3.6,3.9,8.5,6.3,4,4.1,2.2,4.6,3.4,7,54,Dallas,Texas,12
Syracuse,New York,143396,-0.0122,25,5735,"Syracuse, New York",NA,NY,61,46,44,30.6,0.9,0.34,0.46,87,4072,16,16,24,35,46,56,61,60,52,43,32,23,2.6,2.9,3.2,4,3.4,4.7,4.5,4,3.4,5.2,3.1,4.2,32,NA,NA,NA
Mcallen,Texas,142696,0.0987,58.4,2435,"Mcallen, Texas",NA,TX,0,0,0,32.4,1,0.58,0.5,77,2924,51,56,62,68,73,77,78,78,75,68,60,54,1,0.8,1,1.5,2.1,1.8,3.3,1.8,4.6,1.6,1.1,1.4,36,NA,NA,NA
Pasadena,California,142647,0.0403,23,6176,"Pasadena, California",NA,CA,66,66,0,37.7,1,0.49,0.39,166,2463,45,46,49,52,56,60,65,65,63,57,50,44,3.3,2.5,2,0.6,0.2,0,0,0,0.2,0.5,0.6,2.1,74,NA,NA,NA
Orange,California,140560,0.0304,25.4,5532,"Los Angeles, California",NA,CA,51,54,34,35.1,1,0.52,0.45,158,1985,48,49,52,54,59,62,66,66,65,60,54,48,2.3,1.9,0.9,0.6,0.3,0,0.1,0,0.2,0.5,0.7,2.4,85,Los Angeles,California,16
Fullerton,California,140392,0.0387,22.4,6282,"Fullerton, California",NA,CA,54,46,34,34.6,1,0.52,0.44,154,2997,46,48,51,54,58,62,66,66,65,59,52,45,2.3,1.7,1,0.5,0.3,0,0.1,0,0.2,0.4,0.6,2.5,74,NA,NA,NA
Dayton,Ohio,140371,-0.0082,55.7,2522,"Dayton, Ohio",NA,OH,46,44,0,33.3,0.9,0.36,0.46,83,5219,21,22,33,42,52,61,64,63,56,44,33,27,4.7,4.9,6.6,6.8,6.8,7.3,8.6,6.8,6.6,6.5,6.1,6.1,48,Dayton,Ohio,1
Miramar,Florida,140328,0.1498,29.4,4709,"Hollywood, Florida",NA,FL,30,42,24,35.9,0.9,0.48,0.51,112,1878,59,60,63,68,72,75,76,77,76,72,66,64,2.4,2.8,2.4,3.4,4.3,6.8,8.1,7.5,8.3,6.6,3.1,3,41,NA,NA,NA
Olathe,Kansas,137472,0.0922,60.9,2225,"Olathe, Kansas",NA,KS,28,47,10,34.4,1,0.62,0.55,98,1615,22,24,37,46,56,66,69,67,59,47,36,25,0.6,1.3,2.4,4.4,5.8,5.7,5.7,4.7,3.6,3.2,2,1.5,58,NA,NA,NA
Thornton,Colorado,136978,0.1533,35.7,3829,"Denver, Colorado",NA,CO,32,50,24,33,1,0.57,0.54,105,3045,21,22,30,35,44,54,60,59,51,39,29,19,1.8,2,2.1,4,5.2,4.6,5.7,4.5,5.7,4.1,2.2,2.9,54,Denver,Colorado,16
Waco,Texas,136436,0.0932,89,1510,"Waco, Texas",NA,TX,34,38,0,28.5,1,0.45,0.48,85,4102,35,39,47,54,62,71,74,74,67,55,46,37,2.9,2.1,4.2,3.7,5.5,3.7,2.2,2.3,3.5,4.5,2.3,1.9,39,NA,NA,NA
Murfreesboro,Tennessee,136372,0.2539,55.9,2360,"Murfreesboro, Tennessee",NA,TN,24,37,0,30.3,1,0.49,0.51,99,3728,36,32,43,48,56,67,71,73,64,52,41,34,7.2,3.3,6.3,4.8,4.4,3.3,2.2,1.6,4,9.6,6.3,6,45,NA,NA,NA
Denton,Texas,136268,0.2018,93.4,1433,"Denton, Texas",NA,TX,33,39,0,28.5,0.9,0.42,0.47,91,2563,33,37,47,54,61,71,74,74,66,54,45,35,2.2,1.9,3.6,4,4.9,4.4,2.1,2.2,2.6,3.9,2.4,2.3,54,NA,NA,NA
West Valley City,Utah,136170,0.0517,35.5,3847,"Salt Lake City, Utah",NA,UT,36,40,36,30.4,1,0.54,0.55,97,4819,20,27,33,38,46,57,67,64,54,42,32,22,1.3,1.1,1.8,2.4,2,0.9,0.5,0.7,1.3,1.2,1.2,1.6,47,Salt Lake City,Utah,13
Midland,Texas,136089,0.2244,74.4,1809,"Midland, Texas",NA,TX,41,40,0,31.9,1,0.58,0.47,103,2198,34,38,46,55,62,71,73,73,66,56,44,36,0.6,0.3,0.3,0.6,1,0.6,1.2,0.6,1.7,0.4,0.2,0.3,30,Midland,Texas,1
Carrollton,Texas,135710,0.1395,36.3,3674,"Dallas, Texas",NA,TX,34,36,21,36.5,1,0.59,0.49,102,1874,39,42,51,58,66,75,77,78,71,60,50,40,7.1,2.6,7.1,9.9,11.4,5.8,2,1.4,0.5,14.4,8.2,6.1,54,Dallas,Texas,12
Roseville,California,135329,0.1392,43,3085,"Los Angeles, California",NA,CA,36,59,20,38.5,0.9,0.6,0.48,130,2636,37,40,43,46,51,57,59,58,55,49,42,37,3.3,2.9,2.6,1.6,0.5,0.3,0,0,0.1,0.9,1.8,3.4,55,Los Angeles,California,16
Warren,Michigan,135022,0.0072,34.4,3928,"Detroit, Michigan",NA,MI,43,43,0,39.2,0.9,0.52,0.44,87,2647,20,20,29,39,50,61,65,64,57,46,34,26,1.7,1.6,2.3,3,3.7,3.2,3.8,4.4,3.5,1.9,2.3,2.1,52,Detroit,Michigan,6
Charleston,South Carolina,134875,0.1232,109,1233,"Charleston Afb, South Carolina",NA,SC,40,48,23,34,0.9,0.46,0.38,115,2581,38,39,45,53,62,70,73,73,68,56,45,42,2.9,3.7,3.1,3.4,3.4,6.6,6.5,8,5.9,5.6,2.9,3.7,36,NA,NA,NA
Hampton,Virginia,134669,-0.0201,51.5,2629,"Hampton, Virginia",NA,VA,33,40,27,35.6,0.9,0.48,0.41,100,3536,36,32,39,48,56,67,72,72,66,58,44,36,4.5,3.5,3.7,7.6,6.5,11.3,6.5,7.8,3.2,16.2,6.3,6.5,39,NA,NA,NA
Surprise,Arizona,134085,0.141,107.9,1230,"Phoenix, Arizona",NA,AZ,21,44,0,39.9,0.9,0.66,0.4,106,1877,41,44,50,56,64,75,83,81,74,60,49,41,3.6,1.5,2.3,5.5,8.4,0.2,8.1,6.2,2.8,0.9,1.4,2.9,74,Phoenix,Arizona,8
Columbia,South Carolina,133114,0.0297,133.5,1006,"Charleston Afb, South Carolina",NA,SC,38,34,0,28.2,1.1,0.35,0.45,101,6020,36,38,45,54,62,70,73,73,67,55,43,41,3,3.4,3.2,2.8,3.4,4.6,4.7,5.5,4.2,4,2.8,4.3,42,NA,NA,NA
Coral Springs,Florida,133037,0.0986,23.8,5465,"Hollywood, Florida",NA,FL,38,44,29,36.4,0.9,0.52,0.52,119,2172,60,60,64,69,72,75,77,77,76,73,66,64,1.9,1.8,3.4,3.2,4.2,5.9,6.2,6.9,8.2,4.9,3.8,2.8,41,NA,NA,NA
Visalia,California,133010,0.0689,37.5,3495,"Visalia, California",NA,CA,38,47,0,31.7,0.9,0.54,0.53,108,3673,38,40,44,48,54,60,65,63,58,50,42,36,4.2,3.7,3.5,4.2,1.1,3,0.5,0.2,2.3,4.6,3.1,5.6,74,NA,NA,NA
Sterling Heights,Michigan,132631,0.0226,36.5,3628,"Detroit, Michigan",NA,MI,32,37,0,41.1,1,0.6,0.38,95,1316,19,16,26,37,47,60,63,64,56,47,33,23,4.3,3.4,4.2,4.3,5.6,4.6,4.5,8,5,3,4.4,4.3,52,Detroit,Michigan,6
Gainesville,Florida,132249,0.0635,62.3,2112,"Gainesville, Florida",NA,FL,34,66,0,25.7,0.9,0.29,0.38,95,4316,43,43,48,55,62,70,72,73,69,61,49,47,4.2,3.8,3.4,2.6,3.5,6.3,6.4,7.9,2.5,4.4,1.3,3.9,33,NA,NA,NA
Cedar Rapids,Iowa,132228,0.0467,70.8,1852,"Cedar Rapids, Iowa",NA,IA,35,37,0,35.7,1,0.54,0.48,91,4036,12,14,28,39,50,60,63,61,53,42,29,17,0.8,1,2.1,4.6,3.9,7,4.8,4.7,4,3.1,2.1,1.9,42,NA,NA,NA
New Haven,Connecticut,131014,0.0095,18.7,6948,"Denver, Colorado",NA,CT,68,66,0,30.7,0.9,0.33,0.51,111,4856,23,23,30,40,50,60,66,64,58,47,37,30,2.6,2.8,3.4,4.5,3.8,4.7,3.1,3.7,3.2,4.5,2.9,4.2,49,Denver,Colorado,16
Stamford,Connecticut,130824,0.0667,37.6,3434,"Stamford, Connecticut",NA,CT,54,39,38,36.4,1,0.53,0.47,155,1750,23,23,30,41,50,60,66,64,57,47,37,29,3,2.6,3.5,4.2,4.2,5.1,4.4,4.2,4.3,5.1,3.1,4.5,47,NA,NA,NA
Elizabeth,New Jersey,130215,0.042,12.3,10459,"Elizabeth, New Jersey",NA,NJ,81,54,43,33.3,1,0.41,0.53,118,4339,24,25,32,43,53,63,69,67,60,49,38,31,3.8,3.3,3.9,4.1,4.5,5.5,4.4,4.8,3.2,5.1,3.3,5,53,NA,NA,NA
Concord,California,129783,0.0632,30.5,4221,"San Francisco, California",NA,CA,45,48,30,37.7,1,0.55,0.45,147,3761,39,43,45,47,52,56,58,57,56,50,45,40,3.3,3,1.8,1.9,0.6,0,0,0,0,1.4,1.2,2.3,43,San Francisco,California,9
Thousand Oaks,California,128995,0.0183,55.2,2335,"Thousand Oaks, California",NA,CA,33,26,0,42.8,1,0.6,0.43,169,1438,45,44,46,48,52,57,60,60,59,54,48,43,2.1,1.9,1.4,0.7,0.2,0,0.1,0,0.1,0.4,0.7,2,48,NA,NA,NA
Kent,Washington,128458,0.3901,33.7,3784,"Kent, Washington",NA,WA,39,41,34,34,1,0.52,0.5,119,5731,35,37,39,42,47,52,56,56,53,46,40,35,5.6,3.7,5.1,3.2,2.2,1.5,0.6,1.1,1.9,4.5,7.1,6.1,49,NA,NA,NA
Santa Clara,California,127134,0.0916,18.4,6845,"San Francisco, California",NA,CA,59,72,41,34.1,1.1,0.56,0.48,188,3005,41,44,46,48,52,56,58,58,57,53,46,41,2.5,2.5,2.1,1.3,0.3,0.2,0,0,0.1,0.6,1.3,2.4,48,San Francisco,California,9
Simi Valley,California,126878,0.0213,41.5,3044,"Los Angeles, California",NA,CA,39,44,0,40,1,0.59,0.43,149,1586,45,46,47,47,53,59,65,63,61,57,53,44,19.1,5.8,3.2,3,0.6,0,0,0,28.1,5.9,1.3,4,74,Los Angeles,California,16
Lafayette,Louisiana,126848,0.0516,53.8,2372,"Lafayette, Louisiana",NA,LA,42,45,0,34,1,0.45,0.45,95,5116,44,47,54,60,67,73,75,75,71,60,51,46,5.6,4.5,3.3,4.9,5.8,5.8,5.9,7.6,5.5,3.6,4.1,5.9,44,NA,NA,NA
Topeka,Kansas,126587,-0.007,61.5,2062,"Topeka, Kansas",NA,KS,34,52,21,36.9,0.9,0.52,0.45,88,5742,19,22,34,44,53,65,68,66,57,44,33,22,1,1.5,2.6,4.2,5.6,5.5,4.4,5.2,4.4,3.3,1.6,1.8,36,NA,NA,NA
Athens,Georgia,125691,0.0887,116.4,1060,"Athens, Georgia",NA,GA,0,0,0,26.7,0.9,0.35,0.42,93,3562,32,34,41,49,57,66,69,69,63,50,39,36,4.2,3.9,4.3,4.1,3.4,4,4.5,5,3.8,4.1,3.4,5.9,39,Athens,Georgia,2
Round Rock,Texas,123678,0.2382,35.6,3396,"Austin, Texas",NA,TX,22,33,0,33.2,1,0.56,0.56,100,2303,38,43,50,58,65,72,75,74,68,58,49,41,8,3.9,8.5,6.8,10.2,10.1,15.2,11.2,6.6,2.8,5,4.3,41,Austin,Texas,10
Hartford,Connecticut,123400,-0.011,17.4,7083,"Hartford, Connecticut",NA,CT,71,53,54,30.6,0.9,0.3,0.5,104,5086,21,21,29,40,50,60,66,64,57,46,35,27,2.9,3.1,3.5,4.2,3.8,5.1,4.5,4.1,3.5,5.2,3.3,4.2,46,Hartford,Connecticut,3
Norman,Oklahoma,122843,0.1074,178.8,683,"Norman, Oklahoma",NA,OK,30,55,0,30.3,1,0.46,0.44,94,2994,29,35,45,50,61,68,70,72,67,54,43,30,6.5,3.2,8.3,3.9,10.4,15.7,13.1,12.2,8.9,6,2.1,3.9,47,NA,NA,NA
Victorville,California,122441,0.0564,73.3,1668,"Victorville, California",NA,CA,19,32,22,29.4,1,0.49,0.52,107,3391,36,38,42,46,52,63,66,65,59,50,41,35,2.1,2.9,2.3,3.2,1,4.8,1,0.9,1.7,3.5,1,4.3,85,NA,NA,NA
Fargo,North Dakota,122359,0.1593,49.3,2450,"Fargo, North Dakota",NA,ND,44,46,25,30.5,1,0.46,0.49,97,3538,1,3,18,32,44,55,59,56,48,37,22,6,0.9,0.6,1,1.7,3.3,4.6,2.6,3,3.1,2.4,0.7,1.1,35,NA,NA,NA
Berkeley,California,122324,0.0866,10.5,11547,"Berkeley, California",NA,CA,81,85,59,31.4,0.9,0.36,0.4,190,5450,41,45,47,49,52,54,56,57,55,52,47,42,2.8,3.1,2.9,1.8,0.4,0.3,0,0,0.1,1,1.9,4.1,43,Berkeley,California,6
Vallejo,California,122105,0.0532,30.7,3951,"San Francisco, California",NA,CA,42,33,0,38.3,0.9,0.48,0.4,127,4620,36,39,41,42,46,50,53,53,49,45,40,36,3.8,3.4,3,1.6,0.5,0.3,0,0,0.1,1.3,1.8,3.8,43,San Francisco,California,9
Abilene,Texas,121885,0.0412,106.7,1146,"Abilene, Texas",NA,TX,31,37,0,31.2,1.1,0.51,0.43,88,2847,32,36,44,52,60,69,72,72,64,53,42,33,1.1,1.3,1.9,2.2,3.6,3.2,2.5,3.1,2.8,2.6,1.3,1.2,33,NA,NA,NA
Columbia,Missouri,121717,0.1218,65,1856,"Columbia, Missouri",NA,MO,30,37,0,27.4,0.9,0.42,0.48,96,3432,21,23,35,44,53,63,67,65,57,45,35,25,2,2.1,3,5.7,4.3,4.8,5.1,3.9,4.8,3.9,2.4,2.7,375,Columbia,Missouri,3
Ann Arbor,Michigan,121477,0.0662,28.1,4298,"Ann Arbor, Michigan",NA,MI,51,68,45,27.5,1,0.37,0.42,108,1941,16,15,26,36,46,54,58,57,50,40,29,22,1.8,1.6,2.4,3.4,3.8,3.7,3.2,2.7,2.4,2.5,2.1,1.9,34,NA,NA,NA
Allentown,Pennsylvania,121283,0.0275,17.5,6882,"Allentown, Pennsylvania",NA,PA,66,41,36,32.3,0.9,0.4,0.51,94,3194,20,20,28,38,48,58,63,61,54,43,33,26,3.5,3.1,3.4,3.9,3.7,5.5,6.4,5,4.5,5.4,2.8,4.9,47,Allentown,Pennsylvania,1
Pearland,Texas,119940,0.3144,46.3,2453,"Pearland, Texas",NA,TX,20,35,0,34.7,1,0.67,0.57,101,3002,48,51,56,60,67,74,75,77,74,62,55,48,5.3,4.1,8.6,9.7,9.5,7.9,14.6,8.5,6.1,4.7,5.9,3.1,52,NA,NA,NA
Beaumont,Texas,119114,0.0069,82.1,1441,"Beaumont, Texas",NA,TX,33,38,0,33.8,0.9,0.49,0.47,89,5399,42,46,52,58,65,73,74,74,70,59,50,45,4.2,3.1,4.2,4.2,4.7,4.9,8.6,7.6,6.8,5.3,4.1,4.9,44,NA,NA,NA
Wilmington,North Carolina,119045,0.118,51.6,2278,"Wilmington, North Carolina",NA,NC,34,48,20,35.4,0.9,0.45,0.41,105,4242,36,37,44,52,59,69,72,72,66,54,44,39,4.9,5.9,5.1,4.3,6.7,7.2,6.9,8.8,12.9,10.5,8.6,7,39,Wilmington,North Carolina,1
Evansville,Indiana,118930,0.0128,47.3,2526,"Evansville, Indiana",NA,IN,42,42,0,36.6,0.9,0.48,0.45,83,5700,25,26,36,45,55,64,67,66,58,46,35,29,3.8,3.1,4.7,5.9,4.9,4.3,5.2,3.2,4.2,3.9,4.1,4.8,48,NA,NA,NA
Arvada,Colorado,118807,0.1163,38.6,3043,"Denver, Colorado",NA,CO,39,49,29,40.7,1,0.59,0.41,109,2928,21,22,30,35,44,54,60,59,51,39,29,19,1.8,2,2.1,4,5.2,4.6,5.7,4.5,5.7,4.1,2.2,2.9,54,Denver,Colorado,16
Provo,Utah,117335,0.0431,41.7,2803,"Provo, Utah",NA,UT,47,62,31,23.6,1,0.48,0.45,99,1858,17,24,33,38,45,54,62,60,50,39,30,21,3.9,2.5,2.5,2.5,3.1,3.6,1.9,2.7,4.4,3.2,2,2.2,47,NA,NA,NA
Independence,Missouri,117306,0.0041,77.8,1504,"Independence, Missouri",NA,MO,26,25,20,40.1,0.9,0.54,0.4,85,6277,22,24,38,47,56,66,70,68,60,48,38,26,0.7,1.3,2.5,4.5,5.7,5.1,4.6,4.7,3.4,3.5,2,1.5,58,NA,NA,NA
Lansing,Michigan,116986,0.0235,39.1,2967,"Lansing, Michigan",NA,MI,45,55,33,32,0.9,0.4,0.49,84,4187,16,16,25,35,46,56,60,58,51,41,31,22,2.6,1.7,2.4,3.5,3.9,4.5,3.5,4.4,3,3.7,2.6,2.3,34,Lansing,Michigan,1
Odessa,Texas,116861,0.1693,45.2,2608,"Odessa, Texas",NA,TX,42,41,0,30.8,1,0.54,0.48,90,3409,35,37,44,49,60,68,70,70,66,55,42,33,1.1,1.6,4.6,4.7,10.4,2.6,3.2,10.9,6.3,12.5,3.8,2.2,30,Odessa,Texas,1
Richardson,Texas,116783,0.177,28.6,3963,"Richardson, Texas",NA,TX,43,47,32,37.3,1,0.61,0.44,106,2148,39,42,51,58,66,75,77,78,71,60,50,40,7.1,2.6,7.1,9.9,11.4,5.8,2,1.4,0.5,14.4,8.2,6.1,54,NA,NA,NA
Fairfield,California,116266,0.1039,40.9,2806,"Fairfield, California",NA,CA,35,39,0,34.4,1,0.55,0.47,133,3264,41,44,47,49,52,56,57,57,57,53,46,40,9.3,3.6,3,1.8,0,0,0.2,0,0.1,0.6,0.8,3.3,43,NA,NA,NA
El Monte,California,116109,0.0232,9.6,12063,"Los Angeles, California",NA,CA,60,54,0,35.4,1,0.51,0.45,131,2812,46,48,51,54,58,62,66,66,65,59,52,45,2.3,1.7,1,0.5,0.3,0,0.1,0,0.2,0.4,0.6,2.5,74,Los Angeles,California,16
Rochester,Minnesota,115733,0.084,54.6,2088,"Rochester, Minnesota",NA,MN,30,56,0,35.4,1,0.57,0.49,93,2054,11,13,27,38,49,60,63,61,55,42,28,18,1.4,2.9,3.1,4.5,8.1,7.4,6.6,6.2,5.2,5.3,2.3,2.2,37,NA,NA,NA
Clearwater,Florida,115513,0.0727,25.9,4415,"Clearwater, Florida",NA,FL,43,56,29,43.8,1,0.52,0.36,99,3669,52,54,59,65,70,75,76,77,76,69,60,58,2.9,2.4,2.5,2.3,2.7,9.4,9.2,9.7,6.4,2,1.1,1.3,43,Clearwater,Florida,1
Carlsbad,California,115330,0.095,37.7,3023,"Carlsbad, California",NA,CA,31,25,23,42.3,1,0.61,0.44,171,2129,41,46,49,50,56,57,62,63,55,51,47,40,11.8,7,1.6,2.3,0.3,0.2,0.1,7,0.5,1.3,3.1,3.3,61,NA,NA,NA
Springfield,Illinois,114868,-0.0119,60.1,1925,"Springfield, Illinois",NA,IL,34,44,0,38.6,0.9,0.49,0.44,91,5810,20,22,34,44,54,64,66,64,57,46,36,26,2.1,1.9,2.9,4.3,4.5,5.5,4.3,3.2,3.7,3.7,2.5,2.8,35,NA,NA,NA
Temecula,California,114327,0.1422,37.3,3031,"Temecula, California",NA,CA,28,27,0,34.3,1,0.59,0.54,135,2370,39,40,44,46,53,57,60,60,57,50,43,38,4.6,3.4,1.6,1.3,0.8,0.1,0.2,0.1,0.3,1.2,1.6,3.8,85,NA,NA,NA
West Jordan,Utah,113905,0.0983,32.3,3520,"Salt Lake City, Utah",NA,UT,27,37,29,30.5,1,0.59,0.55,105,3323,20,27,33,38,46,57,67,64,54,42,32,22,1.3,1.1,1.8,2.4,2,0.9,0.5,0.7,1.3,1.2,1.2,1.6,47,Salt Lake City,Utah,13
Costa Mesa,California,113825,0.0351,15.7,7186,"Costa Mesa, California",NA,CA,62,64,40,34.5,1.1,0.47,0.45,166,4113,48,49,52,54,59,62,66,66,65,60,54,48,2.3,1.9,0.9,0.6,0.3,0,0.1,0,0.2,0.5,0.7,2.4,85,NA,NA,NA
Miami Gardens,Florida,113750,0.0614,18.2,6212,"Miami, Florida",NA,FL,43,44,42,35.7,0.9,0.37,0.38,99,4051,59,60,63,68,72,75,76,77,76,72,66,64,2.4,2.8,2.4,3.4,4.3,6.8,8.1,7.5,8.3,6.6,3.1,3,41,Miami,Florida,1
Cambridge,Massachusetts,113630,0.0805,6.4,17289,"Boston, Massachusetts",NA,MA,87,96,72,30.5,1,0.35,0.41,175,2098,23,22,29,40,50,59,66,64,58,48,37,28,3.2,3.2,3.8,3.7,3.8,4.7,4.1,3.5,3,5,3.3,4.6,47,Boston,Massachusetts,7
College Station,Texas,113564,0.21,51,2199,"College Station, Texas",NA,TX,33,60,0,22.6,1,0.34,0.5,99,2197,42,46,53,60,65,73,75,76,71,61,51,45,3.7,2.5,3.7,2.5,7.1,3.1,1.9,4.5,3.3,3.4,3.1,3.5,52,NA,NA,NA
Murrieta,California,113326,0.0953,33.6,3324,"Los Angeles, California",NA,CA,27,22,0,33.9,0.9,0.6,0.53,132,1471,39,40,44,46,53,57,60,60,57,50,43,38,4.6,3.4,1.6,1.3,0.8,0.1,0.2,0.1,0.3,1.2,1.6,3.8,85,Los Angeles,California,16
Downey,California,113092,0.0118,12.4,9134,"Los Angeles, California",NA,CA,59,52,0,34,0.9,0.5,0.48,141,3175,46,48,51,53,57,61,65,65,63,59,52,46,2.6,2.5,1,0.6,0.3,0,0.2,0,0.3,0.5,0.7,2.7,74,Los Angeles,California,16
Peoria,Illinois,112883,-0.0185,48.2,2371,"Peoria, Illinois",NA,IL,39,40,0,34.1,0.9,0.47,0.47,93,4973,17,18,31,41,51,62,65,64,56,44,33,22,2.3,2.1,3.1,4.7,4.4,5.4,3.4,3.5,4.1,3.4,2.9,2.7,48,Peoria,Illinois,2
Westminster,Colorado,112812,0.0631,31.7,3592,"Denver, Colorado",NA,CO,37,51,32,36.3,1,0.57,0.46,106,3424,21,22,30,35,44,54,60,59,51,39,29,19,1.8,2,2.1,4,5.2,4.6,5.7,4.5,5.7,4.1,2.2,2.9,54,Denver,Colorado,16
Elgin,Illinois,112456,0.0394,37.4,2998,"Elgin, Illinois",NA,IL,41,49,29,33.6,1,0.55,0.53,106,1599,16,17,30,39,49,59,63,62,54,43,32,21,1.4,1.2,2.2,3.8,4.5,4.4,4.1,3.8,3.4,3.1,1.9,2.1,60,NA,NA,NA
Antioch,California,111674,0.0909,29.4,3772,"Antioch, California",NA,CA,39,41,0,35.2,1,0.53,0.48,124,3960,39,42,46,48,52,56,58,58,57,52,44,39,2.5,2.6,2.7,1.5,0.1,0.4,0,0,0.1,0.7,1.6,3.1,57,NA,NA,NA
Palm Bay,Florida,111657,0.0821,65.7,1676,"Orlando, Florida",NA,FL,13,37,0,40.8,0.9,0.55,0.4,94,2409,52,53,58,63,68,73,75,75,74,69,61,57,3.2,3.2,3.4,3.4,4.6,7.8,7.6,7.2,8.3,6,2.8,2.7,35,Orlando,Florida,3
High Point,North Carolina,111513,0.0684,55.2,2015,"High Point, North Carolina",NA,NC,26,28,0,36.1,0.9,0.51,0.48,96,4376,29,30,38,47,56,65,69,68,61,49,37,33,3.1,2.4,3.5,3.7,3.7,4.5,4.1,4.6,4.3,3.7,3.7,3.8,40,NA,NA,NA
Lowell,Massachusetts,111346,0.0453,13.6,8129,"Lowell, Massachusetts",NA,MA,64,44,37,32.9,1,0.42,0.47,124,2264,21,20,28,39,49,57,64,62,55,45,35,26,2.4,2.6,3.3,3.4,3.7,4.9,4,3.5,3.6,4.5,2.9,3.7,36,NA,NA,NA
Manchester,New Hampshire,111196,0.0149,33.1,3339,"Manchester, New Hampshire",NA,NH,48,39,0,36.6,1,0.47,0.44,115,3299,18,18,27,38,48,58,64,61,55,44,33,24,2.5,3,3.6,3.3,3.9,4.6,3.8,4.3,3.9,5.4,3.1,3.6,36,NA,NA,NA
Pueblo,Colorado,111127,0.0425,53.6,2058,"Pueblo, Colorado",NA,CO,38,46,0,37.3,1,0.49,0.44,86,7220,14,18,26,33,43,54,59,58,49,36,23,14,0.3,0.5,0.7,1.7,1.8,1,2.1,2.3,0.8,0.8,0.3,0.4,22,NA,NA,NA
Gresham,Oregon,111053,0.0517,23.3,4786,"Portland, Oregon",NA,OR,43,63,41,35.2,1,0.52,0.49,111,3645,36,38,40,42,48,53,56,56,52,46,42,35,4.7,3.2,5.2,3.6,2.8,2.1,0.5,0.4,1.6,4.5,6.5,5.1,38,Portland,Oregon,12
North Charleston,South Carolina,110861,0.1374,73.7,1483,"Charleston Afb, South Carolina",NA,SC,26,38,0,32.2,1,0.43,0.47,100,6574,38,39,45,53,62,70,73,73,68,56,45,42,2.9,3.7,3.1,3.4,3.4,6.6,6.5,8,5.9,5.6,2.9,3.7,36,NA,NA,NA
Ventura,California,110790,0.0409,21.8,5027,"Los Angeles, California",NA,CA,0,0,0,0,0,0,0,0,0,NA,NA,NA,NA,NA,NA,NA,NA,NA,NA,NA,NA,NA,NA,NA,NA,NA,NA,NA,NA,NA,NA,NA,NA,NA,Los Angeles,California,16
Inglewood,California,110598,0.0084,9.1,12160,"Los Angeles, California",NA,CA,69,50,50,34,0.9,0.41,0.48,129,3199,49,51,53,56,59,62,65,66,65,61,55,49,2.2,1.7,1.1,0.6,0.2,0,0,0,0.2,0.4,0.5,2.4,74,Los Angeles,California,16
Pompano Beach,Florida,110473,0.1064,24,4558,"Pompano Beach, Florida",NA,FL,47,53,34,41.7,1.1,0.46,0.37,102,5663,63,59,64,65,72,74,77,78,76,75,67,63,2.4,2.1,7,2.8,5.5,13.8,5.4,4.4,7.5,16,10.6,2,41,NA,NA,NA
Centennial,Colorado,110250,0.0984,29.5,3727,"Denver, Colorado",NA,CO,38,44,25,41.3,1,0.65,0.43,125,3070,19,20,28,33,42,53,59,57,49,37,28,18,0.5,0.5,0.9,2,2.3,2,2.3,2.1,1.7,1.3,0.4,0.5,54,Denver,Colorado,16
West Palm Beach,Florida,110222,0.1031,55.1,1963,"West Palm Beach, Florida",NA,FL,42,48,0,39.6,0.9,0.44,0.37,105,5647,57,57,61,66,71,74,76,77,75,71,65,62,2.6,2.5,3.3,3.9,5.7,8.1,6,9.4,7.5,6.3,2.8,3.9,29,NA,NA,NA
Everett,Washington,110079,0.0685,33.3,3275,"Everett, Washington",NA,WA,48,53,38,35.2,1.1,0.47,0.47,129,5085,36,37,39,42,47,51,55,56,53,47,40,35,3.8,2.7,4.4,2.8,2.2,1.8,0.7,0.9,2,3.6,5.7,4.9,49,NA,NA,NA
Richmond,California,110040,0.0611,30.1,3648,"Richmond, California",NA,CA,56,50,43,35.8,0.9,0.47,0.46,135,4641,39,43,45,47,52,56,58,57,56,50,45,40,3.3,3,1.8,1.9,0.6,0,0,0,0,1.4,1.2,2.3,43,NA,NA,NA
Clovis,California,109691,0.147,24.2,4404,"Fresno, California",NA,CA,39,49,0,34.2,1,0.55,0.51,116,2894,38,42,46,49,56,62,69,67,62,54,45,38,2,1.7,1.6,1.4,0.3,0.2,0,0,0.1,0.4,0.9,2,80,Fresno,California,2
Billings,Montana,109642,0.0525,43.7,2525,"Billings, Montana",NA,MT,35,43,0,36.9,0.9,0.55,0.45,98,5951,17,19,27,34,42,51,59,56,48,38,27,16,0.5,0.5,1.1,1.7,3,1.7,0.9,1,1.6,1.7,0.8,0.9,24,NA,NA,NA
Waterbury,Connecticut,108629,-0.0157,28.5,3799,"Denver, Colorado",NA,CT,48,25,0,34.7,0.9,0.42,0.47,102,4336,21,21,29,39,49,57,63,61,55,44,35,27,3.9,4.4,7.7,9.6,9,12.4,9.8,7.9,6.6,10.7,4.9,3.7,49,Denver,Colorado,16
Broken Arrow,Oklahoma,108303,0.0956,61.7,1741,"Tulsa, Oklahoma",NA,OK,22,32,10,36.8,1,0.63,0.46,99,2306,29,33,45,48,60,68,70,72,65,53,41,27,7.9,4.3,4.2,4.5,9,12.1,8.7,10.5,11.8,4.8,2.6,3.8,48,Tulsa,Oklahoma,4
Lakeland,Florida,108054,0.1091,65.9,1615,"Lakeland, Florida",NA,FL,36,46,0,40.3,0.9,0.51,0.37,92,4010,51,53,57,63,67,73,74,75,73,66,58,56,2.8,2,2.6,1.9,3.6,10.9,10.6,9.7,8.9,3.6,1.8,1.2,36,NA,NA,NA
West Covina,California,107598,0.0141,16,6740,"Los Angeles, California",NA,CA,45,35,0,37.2,1,0.54,0.41,141,2782,46,48,51,54,58,62,66,66,65,59,52,45,2.3,1.7,1,0.5,0.3,0,0.1,0,0.2,0.4,0.6,2.5,74,Los Angeles,California,16
Boulder,Colorado,107125,0.1,24.8,4358,"Boulder, Colorado",NA,CO,58,86,50,28.7,1.1,0.36,0.44,142,3070,18,21,30,36,43,54,59,56,49,38,28,17,1.2,1.5,1.6,0.2,2.4,1.1,2.1,1.1,0.2,2.1,2.6,0.7,42,Boulder,Colorado,1
Daly City,California,107074,0.0588,7.6,14009,"San Francisco, California",NA,CA,63,33,0,38.8,1,0.53,0.36,175,1701,44,46,47,49,51,54,56,56,56,54,49,44,3.2,3.4,2.7,1.7,0.3,0.2,0,0,0.1,1,1.7,4.4,43,San Francisco,California,9
Santa Maria,California,107014,0.0749,22.8,4662,"Santa Maria, California",NA,CA,51,51,0,29.4,1,0.53,0.57,121,2634,39,41,43,44,47,51,54,55,53,50,44,39,2.7,2.3,1.9,1.1,0.3,0.2,0,0.1,0.1,0.7,1,2.3,56,NA,NA,NA
Hillsboro,Oregon,106894,0.1668,25,4207,"Hillsboro, Oregon",NA,OR,45,71,38,34,1,0.58,0.5,117,2245,32,33,38,39,45,48,53,51,44,42,33,33,4.1,3,4.8,2.9,4.8,2.1,1.3,1.2,2.8,3.8,7.5,11.3,38,NA,NA,NA
Sandy Springs,Georgia,106739,0.1373,37.7,2804,"Atlanta, Georgia",NA,GA,27,17,28,35.7,0.9,0.51,0.44,130,2217,33,35,43,51,59,67,70,70,64,51,40,38,4.1,4,4.2,4.1,3.8,3.6,3.9,4.7,4.6,3.4,3.5,5.1,52,Atlanta,Georgia,11
Norwalk,California,106084,0.0051,9.7,10946,"Los Angeles, California",NA,CA,58,50,43,34.9,1,0.51,0.42,131,2252,46,48,51,54,58,62,66,66,65,59,52,45,2.3,1.7,1,0.5,0.3,0,0.1,0,0.2,0.4,0.6,2.5,74,Los Angeles,California,16
Jurupa Valley,California,106028,0,42.9,2414,"Los Angeles, California",NA,CA,0,0,0,31.5,1,0.51,0.48,120,2795,44,45,47,50,55,59,65,65,63,56,49,44,1.6,1.2,0.7,0.5,0.2,0,0.2,0.1,0.2,0.2,0.5,1.9,85,Los Angeles,California,16
Lewisville,Texas,106021,0.1126,36.7,2852,"Dallas, Texas",NA,TX,37,36,0,32.3,1,0.52,0.55,99,2273,39,42,51,58,66,75,77,78,71,60,50,40,7.1,2.6,7.1,9.9,11.4,5.8,2,1.4,0.5,14.4,8.2,6.1,54,Dallas,Texas,12
Greeley,Colorado,105448,0.1352,47.8,2176,"Greeley, Colorado",NA,CO,40,49,0,30.7,1,0.51,0.49,95,2987,8,17,28,34,43,51,58,55,47,36,24,9,0.3,0.2,3.1,2.5,3,12.6,5,4.3,3.5,1.4,0.5,1,41,NA,NA,NA
Davie,Florida,105149,0.143,34.9,2919,"Hollywood, Florida",NA,FL,29,44,16,37.6,1,0.5,0.47,110,2864,59,60,63,68,72,75,76,77,76,72,66,64,2.4,2.8,2.4,3.4,4.3,6.8,8.1,7.5,8.3,6.6,3.1,3,41,NA,NA,NA
Green Bay,Wisconsin,105116,0.0102,45.4,2316,"Green Bay, Wisconsin",NA,WI,41,47,28,34,1,0.48,0.5,87,2511,10,11,22,34,45,55,59,57,49,39,29,16,1.7,1,1.7,3.2,3.5,4,4.2,3.6,3.4,3.1,2.1,2.1,40,NA,NA,NA
Tyler,Texas,104991,0.0835,56.6,1852,"Tyler, Texas",NA,TX,35,34,0,33.1,0.9,0.51,0.44,91,3582,38,42,49,56,64,72,75,75,68,57,48,41,3.6,2.8,4.3,3.8,4.4,3.9,2.8,3.5,3.1,4.4,3.4,4,35,NA,NA,NA
League City,Texas,104903,0.2554,51.2,1992,"Houston, Texas",NA,TX,21,34,0,35.4,1,0.63,0.53,101,1723,46,49,56,62,69,75,76,77,73,63,54,49,3.7,2.4,3.2,5,4.7,4.2,5.7,7.4,4.1,5.3,4.1,3.8,52,Houston,Texas,11
Burbank,California,104834,0.0145,17.4,6003,"Burbank, California",NA,CA,69,59,39,39.3,0.9,0.54,0.42,161,3056,45,46,49,52,56,60,65,65,63,57,50,44,3.3,2.5,2,0.6,0.2,0,0,0,0.2,0.5,0.6,2.1,74,NA,NA,NA
San Mateo,California,104748,0.0776,12.1,8592,"San Francisco, California",NA,CA,64,61,0,38.9,1,0.56,0.45,203,2277,44,46,47,49,51,54,56,56,56,54,49,44,3.2,3.4,2.7,1.7,0.3,0.2,0,0,0.1,1,1.7,4.4,48,San Francisco,California,9
Wichita Falls,Texas,104747,0.0019,72.2,1450,"Dallas, Texas",NA,TX,30,39,0,32.8,1.1,0.49,0.48,78,3468,32,37,44,53,61,71,73,73,68,56,44,35,2.1,1.1,0.9,0.6,5.6,3.4,4.4,3.7,7.4,2.6,1.4,1.9,26,Dallas,Texas,12
El Cajon,California,103894,0.0444,14.5,7156,"El Cajon, California",NA,CA,56,42,38,34.1,1,0.5,0.49,130,2642,45,47,50,53,57,61,65,66,64,58,51,46,1.9,2.2,1,0.7,0.4,0,0.2,0,0.2,0.5,0.9,2.5,61,NA,NA,NA
Rialto,California,103562,0.0443,22.3,4633,"Los Angeles, California",NA,CA,38,42,30,29.2,1,0.5,0.53,116,2003,43,47,48,50,55,58,65,65,60,57,50,43,11.6,9.6,2.1,4.1,4.8,0.1,0.2,2.3,2.1,4.3,7.7,3.3,85,Los Angeles,California,16
Lakewood,New Jersey,102682,0.106,24.7,4079,"Philadelphia, Pennsylvania",NA,NJ,55,48,0,17.9,1,0.58,0.77,136,1784,27,27,34,44,53,62,68,65,60,49,39,32,7.3,4.2,6.4,8,6.8,9.3,12.7,10.1,7.3,8.3,6.2,8.3,40,Philadelphia,Pennsylvania,9
Edison,New Jersey,102450,0.0248,30.1,3389,"Elizabeth, New Jersey",NA,NJ,0,0,0,0,0,0,0,0,0,NA,NA,NA,NA,NA,NA,NA,NA,NA,NA,NA,NA,NA,NA,NA,NA,NA,NA,NA,NA,NA,NA,NA,NA,NA,NA,NA,NA
Davenport,Iowa,102320,0.0264,62.9,1631,"Davenport, Iowa",NA,IA,42,41,0,35.1,1,0.52,0.46,92,5821,15,16,29,39,49,60,64,62,54,42,31,19,1.5,1.9,2.8,3.9,4.3,6,5.3,4.9,3.4,3.2,2.1,2.6,55,NA,NA,NA
South Bend,Indiana,102245,0.0106,41.4,2457,"South Bend, Indiana",NA,IN,43,56,0,33.2,0.9,0.44,0.51,82,6052,17,18,28,38,48,58,62,60,53,43,32,22,3.1,2.2,2.7,3.6,4.2,4.2,4.5,4.9,4,4.5,2.6,2.8,51,NA,NA,NA
Woodbridge,New Jersey,101965,0.0239,23.3,4351,"Elizabeth, New Jersey",NA,NJ,57,0,40,37,1,0.61,0.46,122,1784,26,24,31,46,56,64,71,67,61,54,38,33,6.3,4.9,7.3,5,9.9,8.3,8.3,7.8,4.9,6.3,5.9,5.8,53,NA,NA,NA
Las Cruces,New Mexico,101712,0.0419,76.9,1323,"Las Cruces, New Mexico",NA,NM,34,43,0,32.1,1,0.48,0.46,91,4725,31,34,40,47,54,66,69,67,61,50,38,32,0.4,0.1,0.1,0.1,0.3,0.2,1.9,1.5,1.4,0.5,0.3,0.5,51,NA,NA,NA
Vista,California,101568,0.0824,18.7,5436,"San Diego, California",NA,CA,43,27,34,32.9,1,0.51,0.48,134,1810,48,49,51,54,58,61,65,66,64,59,53,48,1.8,2,1.1,0.7,0.4,0,0.1,0.1,0.1,0.5,1,2.7,61,San Diego,California,13
Renton,Washington,101379,0.1149,23.4,4314,"Renton, Washington",NA,WA,39,34,33,35.8,1,0.52,0.49,139,5324,36,37,40,43,48,53,58,58,53,47,40,36,4.7,3.2,4.5,2.9,2.1,1.6,0.5,0.9,1.8,3.9,5.7,4.5,49,NA,NA,NA
Sparks,Nevada,100888,0.1177,35.9,2810,"Sparks, Nevada",NA,NV,41,48,0,37.5,1,0.55,0.47,107,3175,24,28,32,37,45,53,61,58,50,40,30,23,1.4,1.1,0.6,0.5,0.6,0.3,0.3,0.2,0.1,0.8,0.6,1.1,50,NA,NA,NA
Clinton,Michigan,100712,0.0405,28.1,3573,"Detroit, Michigan",NA,MI,0,0,0,35.3,1.1,0.63,0.57,88,311,18,17,28,38,49,58,61,60,53,42,32,24,1.6,1.5,1.8,2.9,3,3.5,3.5,2.9,2.5,2,2.3,2,38,Detroit,Michigan,6
Allen,Texas,100685,0.1951,27.1,3715,"Dallas, Texas",NA,TX,28,54,0,35.6,1,0.64,0.59,103,1344,35,39,48,51,63,70,71,73,67,54,47,34,11.6,2.6,6.5,5.8,8,11,4.1,1.9,4.9,6.8,4.2,5.3,54,Dallas,Texas,12
Tuscaloosa,Alabama,100287,0.1085,71.7,1399,"Tuscaloosa, Alabama",NA,AL,33,32,0,28.6,0.9,0.38,0.43,92,4596,36,38,46,52,60,69,71,71,65,52,43,39,5.8,6.2,6.3,6.7,3.8,5.1,4.5,4.8,4,3.5,4.4,6.1,30,NA,NA,NA
San Angelo,Texas,100119,0.0742,59.9,1681,"San Angelo, Texas",NA,TX,32,36,0,32.8,1,0.53,0.45,90,4690,32,36,44,52,60,69,71,71,64,52,42,34,1.1,1.2,1.8,1.8,4.1,2.4,1.3,2.9,3.3,2.1,0.8,1,30,NA,NA,NA
Vacaville,California,100032,0.0823,29,3449,"Vacaville, California",NA,CA,36,42,0,37.1,1.1,0.54,0.47,127,2322,37,41,45,47,52,57,60,59,56,50,43,37,5.6,4.8,4.6,2.5,0.7,0.3,0,0,0.1,1.9,2.3,4.6,43,NA,NA,NA
