Rank,City,State,Population.2017,Census.2010,Change,Land.Area.2016.sqmi,Land.Area.2016.km2,Population.Density.2016.sqmi,Population.Density.2016.km2,Location.Lon,Location.Lat,Climate.URL
1,New York,New York,8622698,8175133,0.0547,301.5,780.9,28317,10933,40.6635N,73.9387W,https://www.usclimatedata.com/climate/new-york/new-york/united-states/usny0996
2,Los Angeles,California,3999759,3792621,0.0546,468.7,1213.9,8484,3276,34.0194N,118.4108W,https://www.usclimatedata.com/climate/los-angeles/california/united-states/usca1339
3,Chicago,Illinois,2716450,2695598,0.0077,227.3,588.7,11900,4600,41.8376N,87.6818W,https://www.usclimatedata.com/climate/chicago/illinois/united-states/usil0225
4,Houston,Texas,2312717,2100263,0.1012,637.5,1651.1,3613,1395,29.7866N,95.3909W,https://www.usclimatedata.com/climate/houston/texas/united-states/ustx0617
5,Phoenix,Arizona,1626078,1445632,0.1248,517.6,1340.6,3120,1200,33.5722N,112.0901W,https://www.usclimatedata.com/climate/phoenix/arizona/united-states/usaz0166
6,Philadelphia,Pennsylvania,1580863,1526006,0.0359,134.2,347.6,11683,4511,40.0094N,75.1333W,https://www.usclimatedata.com/climate/philadelphia/pennsylvania/united-states/uspa1276
7,San Antonio,Texas,1511946,1327407,0.139,461.0,1194.0,3238,1250,29.4724N,98.5251W,https://www.usclimatedata.com/climate/san-antonio/new-mexico/united-states/usnm0570
8,San Diego,California,1419516,1307402,0.0858,325.2,842.3,4325,1670,32.8153N,117.1350W,https://www.usclimatedata.com/climate/san-diego/california/united-states/usca0982
9,Dallas,Texas,1341075,1197816,0.1196,340.9,882.9,3866,1493,32.7933N,96.7665W,https://www.usclimatedata.com/climate/dallas/texas/united-states/ustx1575
10,San Jose,California,1035317,945942,0.0945,177.5,459.7,5777,2231,37.2967N,121.8189W,https://www.usclimatedata.com/climate/san-jose/california/united-states/usca0993
11,Austin,Texas,950715,790390,0.2028,312.7,809.9,3031,1170,30.3039N,97.7544W,https://www.usclimatedata.com/climate/austin/texas/united-states/ustx2742
12,Jacksonville,Florida,892062,821784,0.0855,747.4,1935.8,1178,455,30.3369N,81.6616W,https://www.usclimatedata.com/climate/jacksonville/florida/united-states/usfl0663
13,San Francisco,California,884363,805235,0.0983,46.9,121.5,18569,7170,37.7272N,123.0322W,https://www.usclimatedata.com/climate/san-francisco/california/united-states/usca0987
14,Columbus,Ohio,879170,787033,0.1171,218.5,565.9,3936,1520,39.9852N,82.9848W,https://www.usclimatedata.com/climate/columbus/ohio/united-states/usoh2095
15,Fort Worth,Texas,874168,741206,0.1794,342.9,888.1,2491,962,32.7815N,97.3467W,https://www.usclimatedata.com/climate/fort-worth/texas/united-states/ustx1900
16,Indianapolis,Indiana,863002,820445,0.0519,361.5,936.3,2366,914,39.7767N,86.1459W,https://www.usclimatedata.com/climate/indianapolis/indiana/united-states/usin1068
17,Charlotte,North Carolina,859035,731424,0.1745,305.4,791.0,2757,1064,35.2078N,80.8310W,https://www.usclimatedata.com/climate/charlotte/north-carolina/united-states/usnc0121
18,Seattle,Washington,724745,608660,0.1907,83.8,217.0,8405,3245,47.6205N,122.3509W,https://www.usclimatedata.com/climate/seattle/washington/united-states/uswa0395
19,Denver,Colorado,704621,600158,0.1741,153.3,397.0,4521,1746,39.7619N,104.8811W,https://www.usclimatedata.com/climate/denver/colorado/united-states/usco0105
20,Washington,District of Columbia,693972,601723,0.1533,61.1,158.2,11148,4304,38.9041N,77.0172W,https://www.usclimatedata.com/climate/washington/district-of-columbia/united-states/usdc0001
21,Boston,Massachusetts,685094,617594,0.1093,48.3,125.1,13938,5381,42.3320N,71.0202W,https://www.usclimatedata.com/climate/boston/massachusetts/united-states/usma0046
22,El Paso,Texas,683577,649121,0.0531,256.8,665.1,2660,1030,31.8484N,106.4270W,https://www.usclimatedata.com/climate/el-paso/texas/united-states/ustx0413
23,Detroit,Michigan,673104,713777,-0.057,138.8,359.5,4847,1871,42.3830N,83.1022W,https://www.usclimatedata.com/climate/detroit/michigan/united-states/usmi0229
24,Nashville,Tennessee,667560,601222,0.1103,475.9,1232.6,1388,536,36.1718N,86.7850W,https://www.usclimatedata.com/climate/nashville/tennessee/united-states/ustn0357
25,Memphis,Tennessee,652236,646889,0.0083,317.4,822.1,2056,794,35.1028N,89.9774W,https://www.usclimatedata.com/climate/memphis/tennessee/united-states/ustn0325
26,Portland,Oregon,647805,583776,0.1097,133.5,345.8,4793,1851,45.5370N,122.6500W,https://www.usclimatedata.com/climate/portland/oregon/united-states/usor0275
27,Oklahoma City,Oklahoma,643648,579999,0.1097,606.3,1570.3,1053,407,35.4671N,97.5137W,https://www.usclimatedata.com/climate/oklahoma-city/oklahoma/united-states/usok0400
28,Las Vegas,Nevada,641676,583756,0.0992,134.4,348.1,4709,1818,36.2292N,115.2601W,https://www.usclimatedata.com/climate/las-vegas/nevada/united-states/usnv0049
29,Louisville,Kentucky,621349,597337,0.0402,263.5,682.5,2339,903,38.1654N,85.6474W,https://www.usclimatedata.com/climate/louisville/kentucky/united-states/usky1846
30,Baltimore,Maryland,611648,620961,-0.015,80.9,209.5,7598,2934,39.3000N,76.6105W,https://www.usclimatedata.com/climate/baltimore/maryland/united-states/usmd0591
31,Milwaukee,Wisconsin,595351,594833,0.0009,96.2,249.2,6186,2388,43.0633N,87.9667W,https://www.usclimatedata.com/climate/milwaukee/wisconsin/united-states/uswi0455
32,Albuquerque,New Mexico,558545,545852,0.0233,188.2,487.4,2972,1147,35.1056N,106.6474W,https://www.usclimatedata.com/climate/albuquerque/new-mexico/united-states/usnm0370
33,Tucson,Arizona,535677,520116,0.0299,230.8,597.8,2299,888,32.1531N,110.8706W,https://www.usclimatedata.com/climate/tucson/arizona/united-states/usaz0247
34,Fresno,California,527438,494665,0.0663,114.4,296.3,4563,1762,36.7836N,119.7934W,https://www.usclimatedata.com/climate/fresno/california/united-states/usca2234
35,Sacramento,California,501901,466488,0.0759,97.9,253.6,5059,1953,38.5666N,121.4686W,https://www.usclimatedata.com/climate/sacramento/california/united-states/usca0967
36,Mesa,Arizona,496401,439041,0.1306,137.9,357.2,3514,1357,33.4019N,111.7174W,https://www.usclimatedata.com/climate/mesa/arizona/united-states/usaz0136
37,Kansas City,Missouri,488943,459787,0.0634,315.0,815.8,1528,590,39.1251N,94.5510W,https://www.usclimatedata.com/climate/kansas-city/missouri/united-states/usmo0460
38,Atlanta,Georgia,486290,420003,0.1578,133.5,345.8,3539,1366,33.7629N,84.4227W,https://www.usclimatedata.com/climate/atlanta/georgia/united-states/usga1761
39,Long Beach,California,469450,462257,0.0156,50.3,130.3,9347,3609,33.8092N,118.1553W,https://www.usclimatedata.com/climate/long-beach/california/united-states/usca0632
40,Omaha,Nebraska,466893,408958,0.1417,133.2,345.0,3356,1296,41.2644N,96.0451W,https://www.usclimatedata.com/climate/omaha/nebraska/united-states/usne0363
41,Raleigh,North Carolina,464758,403892,0.1507,145.1,375.8,3163,1221,35.8306N,78.6418W,https://www.usclimatedata.com/climate/raleigh/north-carolina/united-states/usnc0558
42,Colorado Springs,Colorado,464474,416427,0.1154,195.6,506.6,2378,918,38.8673N,104.7607W,https://www.usclimatedata.com/climate/colorado-springs/colorado/united-states/usco0078
43,Miami,Florida,463347,399457,0.1599,36.0,93.2,12599,4865,25.7752N,80.2086W,https://www.usclimatedata.com/climate/miami/florida/united-states/usfl0316
44,Virginia Beach,Virginia,450435,437994,0.0284,244.7,633.8,1850,710,36.7800N,76.0252W,https://www.usclimatedata.com/climate/virginia-beach/virginia/united-states/usva1628
45,Oakland,California,425195,390724,0.0882,55.9,144.8,7514,2901,37.7698N,122.2257W,https://www.usclimatedata.com/climate/oakland/california/united-states/usca2500
46,Minneapolis,Minnesota,422331,382578,0.1039,54.0,139.9,7660,2960,44.9633N,93.2683W,https://www.usclimatedata.com/climate/minneapolis/minnesota/united-states/usmn0503
47,Tulsa,Oklahoma,401800,391906,0.0252,196.8,509.7,2048,791,36.1279N,95.9023W,https://www.usclimatedata.com/climate/tulsa/oklahoma/united-states/usok0537
48,Arlington,Texas,396394,365438,0.0847,95.8,248.1,4100,1600,32.7007N,97.1247W,https://www.usclimatedata.com/climate/arlington/texas/united-states/ustx1813
49,New Orleans,Louisiana,393292,343829,0.1439,169.4,438.7,2311,892,30.0534N,89.9345W,https://www.usclimatedata.com/climate/new-orleans/louisiana/united-states/usla0338
50,Wichita,Kansas,390591,382368,0.0215,160.4,415.4,2431,939,37.6907N,97.3459W,https://www.usclimatedata.com/climate/wichita/kansas/united-states/usks1161
51,Cleveland,Ohio,385525,396815,-0.0285,77.7,201.2,4965,1917,41.4785N,81.6794W,https://www.usclimatedata.com/climate/cleveland/ohio/united-states/usoh1176
52,Tampa,Florida,385430,335709,0.1481,113.4,293.7,3326,1284,27.9701N,82.4797W,https://www.usclimatedata.com/climate/tampa/florida/united-states/usfl0481
53,Bakersfield,California,380874,347483,0.0961,148.8,385.4,2529,976,35.3212N,119.0183W,https://www.usclimatedata.com/climate/bakersfield/california/united-states/usca0062
54,Aurora,Colorado,366623,325078,0.1278,153.5,397.6,2356,910,39.6880N,104.6897W,https://www.usclimatedata.com/climate/denver/colorado/united-states/usco0105
55,Anaheim,California,352497,336265,0.0483,50.0,129.5,7021,2711,33.8555N,117.7601W,https://www.usclimatedata.com/climate/anaheim/california/united-states/usca0027
56,Honolulu,Hawaii,350395,337256,0.039,60.5,156.7,5815,2245,21.3243N,157.8476W,https://www.usclimatedata.com/climate/honolulu/hawaii/united-states/ushi0026
57,Santa Ana,California,334136,324528,0.0296,27.1,70.2,12333,4762,33.7363N,117.8830W,https://www.usclimatedata.com/climate/santa-ana/california/united-states/usca1016
58,Riverside,California,327728,303871,0.0785,81.2,210.3,3999,1544,33.9381N,117.3932W,https://www.usclimatedata.com/climate/riverside/california/united-states/usca1695
59,Corpus Christi,Texas,325605,305215,0.0668,174.6,452.2,1866,720,27.7543N,97.1734W,https://www.usclimatedata.com/climate/corpus-christi/texas/united-states/ustx0294
60,Lexington,Kentucky,321959,295803,0.0884,283.6,734.5,1123,434,38.0407N,84.4583W,https://www.usclimatedata.com/climate/lexington/kentucky/united-states/usky1079
61,Stockton,California,310496,291707,0.0644,61.7,159.8,4977,1922,37.9763N,121.3133W,https://www.usclimatedata.com/climate/stockton/california/united-states/usca1100
62,St. Louis,Missouri,308626,319294,-0.0334,62.0,160.6,5023,1939,38.6357N,90.2446W,https://www.usclimatedata.com/climate/lake-saint-louis/missouri/united-states/usmo1692
63,Saint Paul,Minnesota,306621,285068,0.0756,52.0,134.7,5815,2245,44.9489N,93.1041W,https://www.usclimatedata.com/climate/saint-paul/minnesota/united-states/usmn1299
64,Henderson,Nevada,302539,257729,0.1739,104.7,271.2,2798,1080,36.0097N,115.0357W,https://www.usclimatedata.com/climate/henderson/nevada/united-states/usnv0122
65,Pittsburgh,Pennsylvania,302407,305704,-0.0108,55.4,143.5,5481,2116,40.4398N,79.9766W,https://www.usclimatedata.com/climate/pittsburgh/pennsylvania/united-states/uspa3601
66,Cincinnati,Ohio,301301,296943,0.0147,77.4,200.5,3860,1490,39.1402N,84.5058W,https://www.usclimatedata.com/climate/cincinnati/ohio/united-states/usoh0188
67,Anchorage,Alaska,294356,291826,0.0087,1706.6,4420.1,175,68,61.1743N,149.2843W,https://www.usclimatedata.com/climate/anchorage/alaska/united-states/usak0012
68,Greensboro,North Carolina,290222,269666,0.0762,128.3,332.3,2237,864,36.0951N,79.8270W,https://www.usclimatedata.com/climate/greensboro/north-carolina/united-states/usnc0280
69,Plano,Texas,286143,259841,0.1012,71.7,185.7,3990,1540,33.0508N,96.7479W,https://www.usclimatedata.com/climate/dallas/texas/united-states/ustx1575
70,Newark,New Jersey,285154,277140,0.0289,24.1,62.4,11691,4514,40.7242N,74.1726W,https://www.usclimatedata.com/climate/newark/new-jersey/united-states/usnj0355
71,Lincoln,Nebraska,284736,258379,0.102,92.1,238.5,3044,1175,40.8105N,96.6803W,https://www.usclimatedata.com/climate/lincoln/nebraska/united-states/usne0283
72,Orlando,Florida,280257,238300,0.1761,105.2,272.5,2635,1017,28.4166N,81.2736W,https://www.usclimatedata.com/climate/orlando/florida/united-states/usfl1021
73,Irvine,California,277453,212375,0.3064,65.6,169.9,4057,1566,33.6784N,117.7713W,https://www.usclimatedata.com/climate/irvine/california/united-states/usca2494
74,Toledo,Ohio,276491,287208,-0.0373,80.7,209.0,3451,1332,41.6641N,83.5819W,https://www.usclimatedata.com/climate/toledo/ohio/united-states/usoh0953
75,Jersey City,New Jersey,270753,247597,0.0935,14.8,38.3,17848,6891,40.7114N,74.0648W,https://www.usclimatedata.com/climate/jersey-city/new-jersey/united-states/usnj0234
76,Chula Vista,California,270471,243916,0.1089,49.6,128.5,5387,2080,32.6277N,117.0152W,https://www.usclimatedata.com/climate/chula-vista/california/united-states/usca0219
77,Durham,North Carolina,267743,228330,0.1726,109.8,284.4,2395,925,35.9811N,78.9029W,https://www.usclimatedata.com/climate/durham/north-carolina/united-states/usnc0192
78,Fort Wayne,Indiana,265904,253691,0.0481,110.6,286.5,2391,923,41.0882N,85.1439W,https://www.usclimatedata.com/climate/fort-wayne/indiana/united-states/usin0211
79,St. Petersburg,Florida,263255,244769,0.0755,61.8,160.1,4223,1631,27.7620N,82.6441W,https://www.usclimatedata.com/climate/tampa/florida/united-states/usfl0481
80,Laredo,Texas,260654,236091,0.104,101.1,261.8,2544,982,27.5604N,99.4892W,https://www.usclimatedata.com/climate/laredo/texas/united-states/ustx0737
81,Buffalo,New York,258612,261310,-0.0103,40.4,104.6,6359,2455,42.8925N,78.8597W,https://www.usclimatedata.com/climate/buffalo/new-york/united-states/usny0181
82,Madison,Wisconsin,255214,233209,0.0944,77.0,199.4,3280,1270,43.0878N,89.4299W,https://www.usclimatedata.com/climate/madison/wisconsin/united-states/uswi0411
83,Lubbock,Texas,253888,229573,0.1059,124.6,322.7,2027,783,33.5656N,101.8867W,https://www.usclimatedata.com/climate/lubbock/texas/united-states/ustx2745
84,Chandler,Arizona,253458,236123,0.0734,64.9,168.1,3813,1472,33.2829N,111.8549W,https://www.usclimatedata.com/climate/phoenix/arizona/united-states/usaz0166
85,Scottsdale,Arizona,249950,217385,0.1498,183.9,476.3,1341,518,33.6843N,111.8611W,https://www.usclimatedata.com/climate/scottsdale/arizona/united-states/usaz0440
86,Reno,Nevada,248853,225221,0.1049,107.3,277.9,2286,883,39.5491N,119.8499W,https://www.usclimatedata.com/climate/reno/nevada/united-states/usnv0076
87,Glendale,Arizona,246709,226721,0.0882,59.1,153.1,4161,1607,33.5331N,112.1899W,https://www.usclimatedata.com/climate/phoenix/arizona/united-states/usaz0166
88,Norfolk,Virginia,244703,242803,0.0078,53.3,138.0,4599,1776,36.9230N,76.2446W,https://www.usclimatedata.com/climate/norfolk/virginia/united-states/usva0557
89,Winston–Salem,North Carolina,244605,229617,0.0653,132.5,343.2,1828,706,36.1027N,80.2610W,https://www.usclimatedata.com/climate/winston-salem/north-carolina/united-states/usnc1469
90,North Las Vegas,Nevada,242975,216961,0.1199,98.0,253.8,2436,941,36.2857N,115.0939W,https://www.usclimatedata.com/climate/north-las-vegas/nevada/united-states/usnv0142
91,Gilbert,Arizona,242354,208453,0.1626,68.0,176.1,3487,1346,33.3103N,111.7431W,https://www.usclimatedata.com/climate/phoenix/arizona/united-states/usaz0166
92,Chesapeake,Virginia,240397,222209,0.0819,338.5,876.7,703,271,36.6794N,76.3018W,https://www.usclimatedata.com/climate/newport-news/virginia/united-states/usva1480
93,Irving,Texas,240373,216290,0.1113,67.0,173.5,3557,1373,32.8577N,96.9700W,https://www.usclimatedata.com/climate/irving/texas/united-states/ustx2737
94,Hialeah,Florida,239673,224669,0.0668,21.5,55.7,10995,4245,25.8699N,80.3029W,https://www.usclimatedata.com/climate/hialeah/florida/united-states/usfl0196
95,Garland,Texas,238002,226876,0.049,57.0,147.6,4122,1592,32.9098N,96.6303W,https://www.usclimatedata.com/climate/dallas/texas/united-states/ustx1575
96,Fremont,California,234962,214089,0.0975,77.5,200.7,3008,1161,37.4945N,121.9412W,https://www.usclimatedata.com/climate/fremont/california/united-states/usca2044
97,Richmond,Virginia,227032,204214,0.1117,59.8,154.9,3732,1441,37.5314N,77.4760W,https://www.usclimatedata.com/climate/richmond/virginia/united-states/usva0652
98,Boise,Idaho,226570,205671,0.1016,82.1,212.6,2718,1049,43.6002N,116.2317W,https://www.usclimatedata.com/climate/boise/idaho/united-states/usid0025
99,Baton Rouge,Louisiana,225374,229493,-0.0179,85.9,222.5,2651,1024,30.4422N,91.1309W,https://www.usclimatedata.com/climate/baton-rouge/louisiana/united-states/usla0033
100,Des Moines,Iowa,217521,203433,0.0693,88.9,230.2,2424,936,41.5726N,93.6102W,https://www.usclimatedata.com/climate/des-moines/iowa/united-states/usia0231
101,Spokane,Washington,217108,208916,0.0392,68.7,177.9,3144,1214,47.6669N,117.4333W,https://www.usclimatedata.com/climate/spokane/washington/united-states/uswa0422
102,San Bernardino,California,216995,209924,0.0337,61.5,159.3,3516,1358,34.1416N,117.2936W,https://www.usclimatedata.com/climate/san-bernardino/california/united-states/usca0978
103,Modesto,California,214221,201165,0.0649,43.0,111.4,4934,1905,37.6375N,121.0030W,https://www.usclimatedata.com/climate/modesto/california/united-states/usca0714
104,Tacoma,Washington,213418,198397,0.0757,49.7,128.7,4251,1641,47.2522N,122.4598W,https://www.usclimatedata.com/climate/tacoma/washington/united-states/uswa0441
105,Fontana,California,211815,196069,0.0803,43.0,111.4,4876,1883,34.1090N,117.4629W,https://www.usclimatedata.com/climate/los-angeles/california/united-states/usca1339
106,Santa Clarita,California,210888,176320,0.1961,52.8,136.8,3446,1331,34.4030N,118.5042W,https://www.usclimatedata.com/climate/los-angeles/california/united-states/usca1339
107,Birmingham,Alabama,210710,212237,-0.0072,146.1,378.4,1452,561,33.5274N,86.7990W,https://www.usclimatedata.com/climate/birmingham/alabama/united-states/usal0054
108,Oxnard,California,210037,197899,0.0613,26.9,69.7,7729,2984,34.2023N,119.2046W,https://www.usclimatedata.com/climate/oxnard/california/united-states/usca0819
109,Fayetteville,North Carolina,209889,200564,0.0465,147.7,382.5,1386,535,35.0828N,78.9735W,https://www.usclimatedata.com/climate/fayetteville/north-carolina/united-states/usnc1259
110,Rochester,New York,208046,210565,-0.012,35.8,92.7,5835,2253,43.1699N,77.6169W,https://www.usclimatedata.com/climate/rochester/new-york/united-states/usny1232
111,Moreno Valley,California,207226,193365,0.0717,51.3,132.9,4006,1547,33.9233N,117.2057W,https://www.usclimatedata.com/climate/los-angeles/california/united-states/usca1339
112,Glendale,California,203054,191719,0.0591,30.4,78.7,6606,2551,34.1814N,118.2458W,https://www.usclimatedata.com/climate/los-angeles/california/united-states/usca1339
113,Yonkers,New York,202019,195976,0.0308,18.0,46.6,11156,4307,40.9459N,73.8674W,https://www.usclimatedata.com/climate/new-york/new-york/united-states/usny0996
114,Huntington Beach,California,201874,189992,0.0625,26.9,69.7,7459,2880,33.6906N,118.0093W,https://www.usclimatedata.com/climate/los-angeles/california/united-states/usca1339
115,Aurora,Illinois,200965,197899,0.0155,44.9,116.3,4479,1729,41.7635N,88.2901W,https://www.usclimatedata.com/climate/aurora/illinois/united-states/usil0062
116,Salt Lake City,Utah,200544,186440,0.0756,111.2,288.0,1742,673,40.7769N,111.9310W,https://www.usclimatedata.com/climate/salt-lake-city/utah/united-states/usut0225
117,Amarillo,Texas,199826,190695,0.0479,101.4,262.6,1968,760,35.1999N,101.8302W,https://www.usclimatedata.com/climate/amarillo/texas/united-states/ustx0029
118,Montgomery,Alabama,199518,205764,-0.0304,159.8,413.9,1252,483,32.3472N,86.2661W,https://www.usclimatedata.com/climate/montgomery/alabama/united-states/usal0375
119,Grand Rapids,Michigan,198829,188040,0.0574,44.4,115.0,4424,1708,42.9612N,85.6556W,https://www.usclimatedata.com/climate/grand-rapids/michigan/united-states/usmi0344
120,Little Rock,Arkansas,198606,193524,0.0263,118.7,307.4,1673,646,34.7254N,92.3586W,https://www.usclimatedata.com/climate/little-rock/arkansas/united-states/usar0909
121,Akron,Ohio,197846,199110,-0.0063,62.0,160.6,3188,1231,41.0805N,81.5214W,https://www.usclimatedata.com/climate/akron/ohio/united-states/usoh0008
122,Augusta,Georgia,197166,195844,0.0068,302.5,783.5,652,252,33.3655N,82.0734W,https://www.usclimatedata.com/climate/augusta/georgia/united-states/usga0032
123,Huntsville,Alabama,194585,180105,0.0804,213.4,552.7,905,349,34.6990N,86.6730W,https://www.usclimatedata.com/climate/huntsville/alabama/united-states/usal0826
124,Columbus,Georgia,194058,189885,0.022,216.4,560.5,913,353,32.5102N,84.8749W,https://www.usclimatedata.com/climate/columbus/georgia/united-states/usga0823
125,Grand Prairie,Texas,193837,175396,0.1051,72.3,187.3,2637,1018,32.6869N,97.0211W,https://www.usclimatedata.com/climate/grand-prairie/texas/united-states/ustx1615
126,Shreveport,Louisiana,192036,199311,-0.0365,107.1,277.4,1820,700,32.4669N,93.7922W,https://www.usclimatedata.com/climate/shreveport/louisiana/united-states/usla0426
127,Overland Park,Kansas,191278,173372,0.1033,75.1,194.5,2516,971,38.8890N,94.6906W,https://www.usclimatedata.com/climate/kansas-city/kansas/united-states/usks0298
128,Tallahassee,Florida,191049,181376,0.0533,100.4,260.0,1901,734,30.4551N,84.2534W,https://www.usclimatedata.com/climate/tallahassee/florida/united-states/usfl0479
129,Mobile,Alabama,190265,195111,-0.0248,139.4,361.0,1384,534,30.6684N,88.1002W,https://www.usclimatedata.com/climate/mobile/alabama/united-states/usal0899
130,Port St. Lucie,Florida,189344,164603,0.1503,118.9,307.9,1557,601,27.2806N,80.3883W,https://www.usclimatedata.com/climate/fort-lauderdale/florida/united-states/usfl0149
131,Knoxville,Tennessee,187347,178874,0.0474,98.5,255.1,1891,730,35.9707N,83.9493W,https://www.usclimatedata.com/climate/knoxville/tennessee/united-states/ustn0268
132,Worcester,Massachusetts,185677,181045,0.0256,37.4,96.9,4933,1905,42.2695N,71.8078W,https://www.usclimatedata.com/climate/worcester/massachusetts/united-states/usma0502
133,Tempe,Arizona,185038,161719,0.1442,40.0,103.6,4562,1761,33.3884N,111.9318W,https://www.usclimatedata.com/climate/tempe/arizona/united-states/usaz0233
134,Cape Coral,Florida,183365,154305,0.1883,105.6,273.5,1703,658,26.6432N,81.9974W,https://www.usclimatedata.com/climate/tampa/florida/united-states/usfl0481
135,Brownsville,Texas,183299,175023,0.0473,132.5,343.2,1387,536,25.9991N,97.4550W,https://www.usclimatedata.com/climate/brownsville/texas/united-states/ustx0166
136,Mckinney,Texas,181330,131117,0.383,63.0,163.2,2735,1056,33.1985N,96.6680W,https://www.usclimatedata.com/climate/dallas/texas/united-states/ustx1575
137,Providence,Rhode Island,180393,178042,0.0132,18.4,47.7,9740,3760,41.8231N,71.4188W,https://www.usclimatedata.com/climate/providence/rhode-island/united-states/usri0050
138,Fort Lauderdale,Florida,180072,165521,0.0879,34.6,89.6,5166,1995,26.1412N,80.1467W,https://www.usclimatedata.com/climate/fort-lauderdale/florida/united-states/usfl0149
139,Newport News,Virginia,179388,180719,-0.0074,69.1,179.0,2631,1016,37.0762N,76.5220W,https://www.usclimatedata.com/climate/newport-news/virginia/united-states/usva1480
140,Chattanooga,Tennessee,179139,167674,0.0684,143.1,370.6,1241,479,35.0660N,85.2484W,https://www.usclimatedata.com/climate/chattanooga/tennessee/united-states/ustn0084
141,Rancho Cucamonga,California,177452,165269,0.0737,40.0,103.6,4413,1704,34.1233N,117.5642W,https://www.usclimatedata.com/climate/los-angeles/california/united-states/usca1339
142,Frisco,Texas,177286,116989,0.5154,67.7,175.3,2417,933,33.1554N,96.8226W,https://www.usclimatedata.com/climate/dallas/texas/united-states/ustx1575
143,Sioux Falls,South Dakota,176888,153888,0.1495,75.4,195.3,2312,893,43.5383N,96.7320W,https://www.usclimatedata.com/climate/sioux-falls/south-dakota/united-states/ussd0315
144,Oceanside,California,176193,167086,0.0545,41.3,107.0,4249,1641,33.2245N,117.3062W,https://www.usclimatedata.com/climate/oceanside/california/united-states/usca0797
145,Ontario,California,175841,163924,0.0727,49.9,129.2,3471,1340,34.0394N,117.6042W,https://www.usclimatedata.com/climate/ontario/california/united-states/usca2487
146,Vancouver,Washington,175673,161791,0.0858,46.9,121.5,3728,1439,45.6349N,122.5957W,https://www.usclimatedata.com/climate/vancouver/washington/united-states/uswa0468
147,Santa Rosa,California,175269,167815,0.0444,41.3,107.0,4241,1637,38.4468N,122.7061W,https://www.usclimatedata.com/climate/santa-rosa/california/united-states/usca1027
148,Garden Grove,California,174226,170883,0.0196,18.0,46.6,9714,3751,33.7788N,117.9605W,https://www.usclimatedata.com/climate/los-angeles/california/united-states/usca1339
149,Elk Grove,California,171844,153015,0.1231,42.2,109.3,4022,1553,38.4146N,121.3850W,https://www.usclimatedata.com/climate/sacramento/california/united-states/usca0967
150,Pembroke Pines,Florida,170712,154019,0.1084,33.0,85.5,5109,1973,26.0210N,80.3404W,https://www.usclimatedata.com/climate/miami/florida/united-states/usfl0316
151,Salem,Oregon,169798,154637,0.098,48.6,125.9,3445,1330,44.9237N,123.0232W,https://www.usclimatedata.com/climate/salem/oregon/united-states/usor0304
152,Eugene,Oregon,168916,156185,0.0815,44.1,114.2,3777,1458,44.0567N,123.1162W,https://www.usclimatedata.com/climate/eugene/oregon/united-states/usor0118
153,Peoria,Arizona,168181,154065,0.0916,175.7,455.1,934,361,33.7862N,112.3080W,https://www.usclimatedata.com/climate/phoenix/arizona/united-states/usaz0166
154,Corona,California,167836,152374,0.1015,39.5,102.3,4222,1630,33.8620N,117.5655W,https://www.usclimatedata.com/climate/corona/california/united-states/usca0252
155,Springfield,Missouri,167376,159498,0.0494,82.3,213.2,2033,785,37.1942N,93.2913W,https://www.usclimatedata.com/climate/kansas-city/missouri/united-states/usmo0460
156,Jackson,Mississippi,166965,173514,-0.0377,111.0,287.5,1524,588,32.3158N,90.2128W,https://www.usclimatedata.com/climate/jackson/mississippi/united-states/usms0175
157,Cary,North Carolina,165904,135234,0.2268,56.5,146.3,2873,1109,35.7809N,78.8133W,https://www.usclimatedata.com/climate/cary/north-carolina/united-states/usnc0827
158,Fort Collins,Colorado,165080,143986,0.1465,55.8,144.5,2943,1136,40.5482N,105.0648W,https://www.usclimatedata.com/climate/fort-collins/colorado/united-states/usco0140
159,Hayward,California,160500,144186,0.1131,45.5,117.8,3493,1349,37.6287N,122.1024W,https://www.usclimatedata.com/climate/hayward/california/united-states/usca2047
160,Lancaster,California,160316,156633,0.0235,94.3,244.2,1698,656,34.6936N,118.1753W,https://www.usclimatedata.com/climate/lancaster/california/united-states/usca0591
161,Alexandria,Virginia,160035,139966,0.1434,15.0,38.8,10387,4010,38.8201N,77.0841W,https://www.usclimatedata.com/climate/washington/district-of-columbia/united-states/usdc0001
162,Salinas,California,157596,150441,0.0476,23.6,61.1,6662,2572,36.6902N,121.6337W,https://www.usclimatedata.com/climate/salinas/california/united-states/usca0971
163,Palmdale,California,157519,152750,0.0312,106.0,274.5,1484,573,34.5910N,118.1054W,https://www.usclimatedata.com/climate/palmdale/california/united-states/usca0829
164,Lakewood,Colorado,154958,142980,0.0838,42.9,111.1,3599,1390,39.6989N,105.1176W,https://www.usclimatedata.com/climate/denver/colorado/united-states/usco0105
165,Springfield,Massachusetts,154758,153060,0.0111,31.9,82.6,4830,1860,42.1155N,72.5400W,https://www.usclimatedata.com/climate/boston/massachusetts/united-states/usma0046
166,Sunnyvale,California,153656,140081,0.0969,22.0,57.0,6944,2681,37.3858N,122.0263W,https://www.usclimatedata.com/climate/los-angeles/california/united-states/usca1339
167,Hollywood,Florida,153627,140768,0.0913,27.3,70.7,5568,2150,26.0310N,80.1646W,https://www.usclimatedata.com/climate/hollywood/florida/united-states/usfl0772
168,Pasadena,Texas,153520,149043,0.03,43.5,112.7,3525,1361,29.6586N,95.1506W,https://www.usclimatedata.com/climate/houston/texas/united-states/ustx0617
169,Clarksville,Tennessee,153205,132929,0.1525,98.3,254.6,1529,590,36.5664N,87.3452W,https://www.usclimatedata.com/climate/clarksville/tennessee/united-states/ustn0093
170,Pomona,California,152939,149058,0.026,23.0,59.6,6630,2560,34.0585N,117.7611W,https://www.usclimatedata.com/climate/pomona/california/united-states/usca0889
171,Kansas City,Kansas,152938,145786,0.0491,124.8,323.2,1216,470,39.1225N,94.7418W,https://www.usclimatedata.com/climate/kansas-city/kansas/united-states/usks0298
172,Macon,Georgia,152663,91351,0.6712,249.3,645.7,612,236,32.8088N,83.6942W,https://www.usclimatedata.com/climate/macon/georgia/united-states/usga0346
173,Escondido,California,151969,143911,0.056,37.1,96.1,4087,1578,33.1331N,117.0740W,https://www.usclimatedata.com/climate/escondido/california/united-states/usca0356
174,Paterson,New Jersey,148678,146199,0.017,8.4,21.8,17500,6800,40.9148N,74.1628W,https://www.usclimatedata.com/climate/newark/new-jersey/united-states/usnj0355
175,Joliet,Illinois,148462,147433,0.007,64.4,166.8,2302,889,41.5177N,88.1488W,https://www.usclimatedata.com/climate/joliet/illinois/united-states/usil0592
176,Naperville,Illinois,147682,141853,0.0411,38.7,100.2,3802,1468,41.7492N,88.1620W,https://www.usclimatedata.com/climate/joliet/illinois/united-states/usil0592
177,Rockford,Illinois,147051,152871,-0.0381,63.5,164.5,2325,898,42.2588N,89.0646W,https://www.usclimatedata.com/climate/rockford/illinois/united-states/usil1013
178,Torrance,California,146758,145438,0.0091,20.5,53.1,7180,2770,33.8350N,118.3414W,https://www.usclimatedata.com/climate/torrance/california/united-states/usca1153
179,Bridgeport,Connecticut,146579,144229,0.0163,16.1,41.7,9064,3500,41.1874N,73.1958W,https://www.usclimatedata.com/climate/bridgeport/connecticut/united-states/usct0019
180,Savannah,Georgia,146444,136286,0.0745,103.6,268.3,1417,547,32.0025N,81.1536W,https://www.usclimatedata.com/climate/savannah/georgia/united-states/usga1191
181,Killeen,Texas,145482,127921,0.1373,53.5,138.6,2680,1030,31.0777N,97.7320W,https://www.usclimatedata.com/climate/killeen/texas/united-states/ustx0692
182,Bellevue,Washington,144444,122363,0.1805,33.5,86.8,4221,1630,47.5979N,122.1565W,https://www.usclimatedata.com/climate/bellevue/iowa/united-states/usia0071
183,Mesquite,Texas,143949,139824,0.0295,47.2,122.2,3045,1176,32.7629N,96.5888W,https://www.usclimatedata.com/climate/dallas/texas/united-states/ustx1575
184,Syracuse,New York,143396,145170,-0.0122,25.0,64.7,5735,2214,43.0410N,76.1436W,https://www.usclimatedata.com/climate/syracuse/new-york/united-states/usny2737
185,Mcallen,Texas,142696,129877,0.0987,58.4,151.3,2435,940,26.2322N,98.2464W,https://www.usclimatedata.com/climate/mcallen/texas/united-states/ustx0854
186,Pasadena,California,142647,137122,0.0403,23.0,59.6,6176,2385,34.1606N,118.1396W,https://www.usclimatedata.com/climate/pasadena/california/united-states/usca0840
187,Orange,California,140560,136416,0.0304,25.4,65.8,5532,2136,33.7870N,117.8613W,https://www.usclimatedata.com/climate/los-angeles/california/united-states/usca1339
188,Fullerton,California,140392,135161,0.0387,22.4,58.0,6282,2425,33.8857N,117.9280W,https://www.usclimatedata.com/climate/fullerton/california/united-states/usca1767
189,Dayton,Ohio,140371,141527,-0.0082,55.7,144.3,2522,974,39.7774N,84.1996W,https://www.usclimatedata.com/climate/dayton/ohio/united-states/usoh0245
190,Miramar,Florida,140328,122041,0.1498,29.4,76.1,4709,1818,25.9770N,80.3358W,https://www.usclimatedata.com/climate/hollywood/florida/united-states/usfl0772
191,Olathe,Kansas,137472,125872,0.0922,60.9,157.7,2225,859,38.8843N,94.8195W,https://www.usclimatedata.com/climate/olathe/kansas/united-states/usks0435
192,Thornton,Colorado,136978,118772,0.1533,35.7,92.5,3829,1478,39.9194N,104.9428W,https://www.usclimatedata.com/climate/denver/colorado/united-states/usco0105
193,Waco,Texas,136436,124805,0.0932,89.0,230.5,1510,580,31.5601N,97.1860W,https://www.usclimatedata.com/climate/waco/texas/united-states/ustx1413
194,Murfreesboro,Tennessee,136372,108755,0.2539,55.9,144.8,2360,910,35.8522N,86.4160W,https://www.usclimatedata.com/climate/murfreesboro/tennessee/united-states/ustn0356
195,Denton,Texas,136268,113383,0.2018,93.4,241.9,1433,553,33.2166N,97.1414W,https://www.usclimatedata.com/climate/denton/texas/united-states/ustx0353
196,West Valley City,Utah,136170,129480,0.0517,35.5,91.9,3847,1485,40.6885N,112.0118W,https://www.usclimatedata.com/climate/salt-lake-city/utah/united-states/usut0225
197,Midland,Texas,136089,111147,0.2244,74.4,192.7,1809,698,32.0246N,102.1135W,https://www.usclimatedata.com/climate/midland/texas/united-states/ustx0888
198,Carrollton,Texas,135710,119097,0.1395,36.3,94.0,3674,1419,32.9884N,96.8998W,https://www.usclimatedata.com/climate/dallas/texas/united-states/ustx1575
199,Roseville,California,135329,118788,0.1392,43.0,111.4,3085,1191,38.7690N,121.3189W,https://www.usclimatedata.com/climate/los-angeles/california/united-states/usca1339
200,Warren,Michigan,135022,134056,0.0072,34.4,89.1,3928,1517,42.4929N,83.0250W,https://www.usclimatedata.com/climate/detroit/michigan/united-states/usmi0229
201,Charleston,South Carolina,134875,120083,0.1232,109.0,282.3,1233,476,32.8179N,79.9590W,https://www.usclimatedata.com/climate/charleston-afb/south-carolina/united-states/ussc0052
202,Hampton,Virginia,134669,137436,-0.0201,51.5,133.4,2629,1015,37.0480N,76.2971W,https://www.usclimatedata.com/climate/hampton/virginia/united-states/usva1366
203,Surprise,Arizona,134085,117517,0.141,107.9,279.5,1230,470,33.6706N,112.4527W,https://www.usclimatedata.com/climate/phoenix/arizona/united-states/usaz0166
204,Columbia,South Carolina,133114,129272,0.0297,133.5,345.8,1006,388,34.0291N,80.8980W,https://www.usclimatedata.com/climate/charleston-afb/south-carolina/united-states/ussc0052
205,Coral Springs,Florida,133037,121096,0.0986,23.8,61.6,5465,2110,26.2707N,80.2593W,https://www.usclimatedata.com/climate/hollywood/florida/united-states/usfl0772
206,Visalia,California,133010,124442,0.0689,37.5,97.1,3495,1349,36.3273N,119.3289W,https://www.usclimatedata.com/climate/visalia/california/united-states/usca1204
207,Sterling Heights,Michigan,132631,129699,0.0226,36.5,94.5,3628,1401,42.5812N,83.0303W,https://www.usclimatedata.com/climate/detroit/michigan/united-states/usmi0229
208,Gainesville,Florida,132249,124354,0.0635,62.3,161.4,2112,815,29.6788N,82.3461W,https://www.usclimatedata.com/climate/gainesville/florida/united-states/usfl0163
209,Cedar Rapids,Iowa,132228,126326,0.0467,70.8,183.4,1852,715,41.9670N,91.6778W,https://www.usclimatedata.com/climate/cedar-rapids/iowa/united-states/usia0138
210,New Haven,Connecticut,131014,129779,0.0095,18.7,48.4,6948,2683,41.3108N,72.9250W,https://www.usclimatedata.com/climate/denver/colorado/united-states/usco0105
211,Stamford,Connecticut,130824,122643,0.0667,37.6,97.4,3434,1326,41.0799N,73.5460W,https://www.usclimatedata.com/climate/stamford/connecticut/united-states/usct0218
212,Elizabeth,New Jersey,130215,124969,0.042,12.3,31.9,10459,4038,40.6664N,74.1935W,https://www.usclimatedata.com/climate/elizabeth/new-jersey/united-states/usnj0647
213,Concord,California,129783,122067,0.0632,30.5,79.0,4221,1630,37.9722N,122.0016W,https://www.usclimatedata.com/climate/san-francisco/california/united-states/usca0987
214,Thousand Oaks,California,128995,126683,0.0183,55.2,143.0,2335,902,34.1933N,118.8742W,https://www.usclimatedata.com/climate/thousand-oaks/california/united-states/usca1549
215,Kent,Washington,128458,92411,0.3901,33.7,87.3,3784,1461,47.3880N,122.2127W,https://www.usclimatedata.com/climate/kent/washington/united-states/uswa0206
216,Santa Clara,California,127134,116468,0.0916,18.4,47.7,6845,2643,37.3646N,121.9679W,https://www.usclimatedata.com/climate/san-francisco/california/united-states/usca0987
217,Simi Valley,California,126878,124237,0.0213,41.5,107.5,3044,1175,34.2669N,118.7485W,https://www.usclimatedata.com/climate/los-angeles/california/united-states/usca1339
218,Lafayette,Louisiana,126848,120623,0.0516,53.8,139.3,2372,916,30.2074N,92.0285W,https://www.usclimatedata.com/climate/lafayette/louisiana/united-states/usla0261
219,Topeka,Kansas,126587,127473,-0.007,61.5,159.3,2062,796,39.0347N,95.6962W,https://www.usclimatedata.com/climate/topeka/kansas/united-states/usks0571
220,Athens,Georgia,125691,115452,0.0887,116.4,301.5,1060,410,33.9496N,83.3701W,https://www.usclimatedata.com/climate/athens/georgia/united-states/usga0027
221,Round Rock,Texas,123678,99887,0.2382,35.6,92.2,3396,1311,30.5252N,97.6660W,https://www.usclimatedata.com/climate/austin/texas/united-states/ustx2742
222,Hartford,Connecticut,123400,124775,-0.011,17.4,45.1,7083,2735,41.7659N,72.6816W,https://www.usclimatedata.com/climate/hartford/connecticut/united-states/usct0094
223,Norman,Oklahoma,122843,110925,0.1074,178.8,463.1,683,264,35.2406N,97.3453W,https://www.usclimatedata.com/climate/norman/oklahoma/united-states/usok0893
224,Victorville,California,122441,115903,0.0564,73.3,189.8,1668,644,34.5277N,117.3536W,https://www.usclimatedata.com/climate/victorville/california/united-states/usca1197
225,Fargo,North Dakota,122359,105549,0.1593,49.3,127.7,2450,950,46.8652N,96.8290W,https://www.usclimatedata.com/climate/fargo/north-dakota/united-states/usnd0115
226,Berkeley,California,122324,112580,0.0866,10.5,27.2,11547,4458,37.8670N,122.2991W,https://www.usclimatedata.com/climate/berkeley/california/united-states/usca0087
227,Vallejo,California,122105,115942,0.0532,30.7,79.5,3951,1525,38.1079N,122.2640W,https://www.usclimatedata.com/climate/san-francisco/california/united-states/usca0987
228,Abilene,Texas,121885,117063,0.0412,106.7,276.4,1146,442,32.4545N,99.7381W,https://www.usclimatedata.com/climate/abilene/texas/united-states/ustx1798
229,Columbia,Missouri,121717,108500,0.1218,65.0,168.3,1856,717,38.9473N,92.3264W,https://www.usclimatedata.com/climate/columbia/missouri/united-states/usmo0193
230,Ann Arbor,Michigan,121477,113934,0.0662,28.1,72.8,4298,1659,42.2761N,83.7309W,https://www.usclimatedata.com/climate/ann-arbor/michigan/united-states/usmi0028
231,Allentown,Pennsylvania,121283,118032,0.0275,17.5,45.3,6882,2657,40.5936N,75.4784W,https://www.usclimatedata.com/climate/allentown/pennsylvania/united-states/uspa0025
232,Pearland,Texas,119940,91252,0.3144,46.3,119.9,2453,947,29.5558N,95.3231W,https://www.usclimatedata.com/climate/pearland/texas/united-states/ustx2267
233,Beaumont,Texas,119114,118296,0.0069,82.1,212.6,1441,556,30.0849N,94.1453W,https://www.usclimatedata.com/climate/beaumont/texas/united-states/ustx2144
234,Wilmington,North Carolina,119045,106476,0.118,51.6,133.6,2278,880,34.2092N,77.8858W,https://www.usclimatedata.com/climate/wilmington/north-carolina/united-states/usnc0760
235,Evansville,Indiana,118930,117429,0.0128,47.3,122.5,2526,975,37.9877N,87.5347W,https://www.usclimatedata.com/climate/evansville/indiana/united-states/usin0190
236,Arvada,Colorado,118807,106433,0.1163,38.6,100.0,3043,1175,39.8337N,105.1503W,https://www.usclimatedata.com/climate/denver/colorado/united-states/usco0105
237,Provo,Utah,117335,112488,0.0431,41.7,108.0,2803,1082,40.2453N,111.6448W,https://www.usclimatedata.com/climate/provo/utah/united-states/usut0208
238,Independence,Missouri,117306,116830,0.0041,77.8,201.5,1504,581,39.0855N,94.3521W,https://www.usclimatedata.com/climate/independence/missouri/united-states/usmo0441
239,Lansing,Michigan,116986,114297,0.0235,39.1,101.3,2967,1146,42.7143N,84.5593W,https://www.usclimatedata.com/climate/lansing/michigan/united-states/usmi0477
240,Odessa,Texas,116861,99940,0.1693,45.2,117.1,2608,1007,31.8838N,102.3411W,https://www.usclimatedata.com/climate/odessa/texas/united-states/ustx2587
241,Richardson,Texas,116783,99223,0.177,28.6,74.1,3963,1530,32.9723N,96.7081W,https://www.usclimatedata.com/climate/richardson/texas/united-states/ustx1737
242,Fairfield,California,116266,105321,0.1039,40.9,105.9,2806,1083,38.2593N,122.0321W,https://www.usclimatedata.com/climate/fairfield/california/united-states/usca0364
243,El Monte,California,116109,113475,0.0232,9.6,24.9,12063,4658,34.0746N,118.0291W,https://www.usclimatedata.com/climate/los-angeles/california/united-states/usca1339
244,Rochester,Minnesota,115733,106769,0.084,54.6,141.4,2088,806,44.0154N,92.4772W,https://www.usclimatedata.com/climate/rochester/minnesota/united-states/usmn0632
245,Clearwater,Florida,115513,107685,0.0727,25.9,67.1,4415,1705,27.9789N,82.7666W,https://www.usclimatedata.com/climate/clearwater/florida/united-states/usfl0866
246,Carlsbad,California,115330,105328,0.095,37.7,97.6,3023,1167,33.1239N,117.2828W,https://www.usclimatedata.com/climate/carlsbad/california/united-states/usca1608
247,Springfield,Illinois,114868,116250,-0.0119,60.1,155.7,1925,743,39.7911N,89.6446W,https://www.usclimatedata.com/climate/springfield/illinois/united-states/usil1114
248,Temecula,California,114327,100097,0.1422,37.3,96.6,3031,1170,33.4931N,117.1317W,https://www.usclimatedata.com/climate/temecula/california/united-states/usca1721
249,West Jordan,Utah,113905,103712,0.0983,32.3,83.7,3520,1360,40.6024N,112.0008W,https://www.usclimatedata.com/climate/salt-lake-city/utah/united-states/usut0225
250,Costa Mesa,California,113825,109960,0.0351,15.7,40.7,7186,2775,33.6659N,117.9123W,https://www.usclimatedata.com/climate/costa-mesa/california/united-states/usca1758
251,Miami Gardens,Florida,113750,107167,0.0614,18.2,47.1,6212,2398,25.9489N,80.2436W,https://www.usclimatedata.com/climate/miami/florida/united-states/usfl0316
252,Cambridge,Massachusetts,113630,105162,0.0805,6.4,16.6,17289,6675,42.3760N,71.1187W,https://www.usclimatedata.com/climate/boston/massachusetts/united-states/usma0046
253,College Station,Texas,113564,93857,0.21,51.0,132.1,2199,849,30.5852N,96.2964W,https://www.usclimatedata.com/climate/college-station/texas/united-states/ustx2165
254,Murrieta,California,113326,103466,0.0953,33.6,87.0,3324,1283,33.5721N,117.1904W,https://www.usclimatedata.com/climate/los-angeles/california/united-states/usca1339
255,Downey,California,113092,111772,0.0118,12.4,32.1,9134,3527,33.9382N,118.1309W,https://www.usclimatedata.com/climate/los-angeles/california/united-states/usca1339
256,Peoria,Illinois,112883,115007,-0.0185,48.2,124.8,2371,915,40.7515N,89.6174W,https://www.usclimatedata.com/climate/peoria/illinois/united-states/usil0935
257,Westminster,Colorado,112812,106114,0.0631,31.7,82.1,3592,1387,39.8822N,105.0644W,https://www.usclimatedata.com/climate/denver/colorado/united-states/usco0105
258,Elgin,Illinois,112456,108188,0.0394,37.4,96.9,2998,1158,42.0396N,88.3217W,https://www.usclimatedata.com/climate/elgin/illinois/united-states/usil0360
259,Antioch,California,111674,102372,0.0909,29.4,76.1,3772,1456,37.9791N,121.7962W,https://www.usclimatedata.com/climate/antioch/california/united-states/usca0034
260,Palm Bay,Florida,111657,103190,0.0821,65.7,170.2,1676,647,27.9856N,80.6626W,https://www.usclimatedata.com/climate/orlando/florida/united-states/usfl1021
261,High Point,North Carolina,111513,104371,0.0684,55.2,143.0,2015,778,35.9900N,79.9905W,https://www.usclimatedata.com/climate/high-point/north-carolina/united-states/usnc0314
262,Lowell,Massachusetts,111346,106519,0.0453,13.6,35.2,8129,3139,42.6390N,71.3211W,https://www.usclimatedata.com/climate/lowell/massachusetts/united-states/usma0223
263,Manchester,New Hampshire,111196,109565,0.0149,33.1,85.7,3339,1289,42.9849N,71.4441W,https://www.usclimatedata.com/climate/manchester/new-hampshire/united-states/usnh0361
264,Pueblo,Colorado,111127,106595,0.0425,53.6,138.8,2058,795,38.2699N,104.6123W,https://www.usclimatedata.com/climate/pueblo/colorado/united-states/usco0323
265,Gresham,Oregon,111053,105594,0.0517,23.3,60.3,4786,1848,45.5023N,122.4416W,https://www.usclimatedata.com/climate/portland/oregon/united-states/usor0275
266,North Charleston,South Carolina,110861,97471,0.1374,73.7,190.9,1483,573,32.9178N,80.0650W,https://www.usclimatedata.com/climate/charleston-afb/south-carolina/united-states/ussc0052
267,Ventura,California,110790,106433,0.0409,21.8,56.5,5027,1941,34.2678N,119.2542W,https://www.usclimatedata.com/climate/los-angeles/california/united-states/usca1339
268,Inglewood,California,110598,109673,0.0084,9.1,23.6,12160,4700,33.9561N,118.3443W,https://www.usclimatedata.com/climate/los-angeles/california/united-states/usca1339
269,Pompano Beach,Florida,110473,99845,0.1064,24.0,62.2,4558,1760,26.2416N,80.1339W,https://www.usclimatedata.com/climate/pompano-beach/florida/united-states/usfl0412
270,Centennial,Colorado,110250,100377,0.0984,29.5,76.4,3727,1439,39.5906N,104.8691W,https://www.usclimatedata.com/climate/denver/colorado/united-states/usco0105
271,West Palm Beach,Florida,110222,99919,0.1031,55.1,142.7,1963,758,26.7464N,80.1251W,https://www.usclimatedata.com/climate/west-palm-beach/florida/united-states/usfl0512
272,Everett,Washington,110079,103019,0.0685,33.3,86.2,3275,1264,47.9566N,122.1914W,https://www.usclimatedata.com/climate/everett/washington/united-states/uswa0647
273,Richmond,California,110040,103701,0.0611,30.1,78.0,3648,1409,37.9523N,122.3606W,https://www.usclimatedata.com/climate/richmond/california/united-states/usca2087
274,Clovis,California,109691,95631,0.147,24.2,62.7,4404,1700,36.8282N,119.6849W,https://www.usclimatedata.com/climate/fresno/california/united-states/usca2234
275,Billings,Montana,109642,104170,0.0525,43.7,113.2,2525,975,45.7885N,108.5499W,https://www.usclimatedata.com/climate/billings/montana/united-states/usmt0031
276,Waterbury,Connecticut,108629,110366,-0.0157,28.5,73.8,3799,1467,41.5585N,73.0367W,https://www.usclimatedata.com/climate/denver/colorado/united-states/usco0105
277,Broken Arrow,Oklahoma,108303,98850,0.0956,61.7,159.8,1741,672,36.0365N,95.7810W,https://www.usclimatedata.com/climate/tulsa/oklahoma/united-states/usok0537
278,Lakeland,Florida,108054,97422,0.1091,65.9,170.7,1615,624,28.0555N,81.9549W,https://www.usclimatedata.com/climate/lakeland/florida/united-states/usfl0267
279,West Covina,California,107598,106098,0.0141,16.0,41.4,6740,2600,34.0559N,117.9099W,https://www.usclimatedata.com/climate/los-angeles/california/united-states/usca1339
280,Boulder,Colorado,107125,97385,0.1,24.8,64.2,4358,1683,40.0270N,105.2519W,https://www.usclimatedata.com/climate/boulder/colorado/united-states/usco0456
281,Daly City,California,107074,101123,0.0588,7.6,19.7,14009,5409,37.7009N,122.4650W,https://www.usclimatedata.com/climate/san-francisco/california/united-states/usca0987
282,Santa Maria,California,107014,99553,0.0749,22.8,59.1,4662,1800,34.9332N,120.4438W,https://www.usclimatedata.com/climate/santa-maria/california/united-states/usca1023
283,Hillsboro,Oregon,106894,91611,0.1668,25.0,64.7,4207,1624,45.5280N,122.9357W,https://www.usclimatedata.com/climate/hillsboro/oregon/united-states/usor0160
284,Sandy Springs,Georgia,106739,93853,0.1373,37.7,97.6,2804,1083,33.9315N,84.3687W,https://www.usclimatedata.com/climate/atlanta/georgia/united-states/usga1761
285,Norwalk,California,106084,105549,0.0051,9.7,25.1,10946,4226,33.9076N,118.0835W,https://www.usclimatedata.com/climate/los-angeles/california/united-states/usca1339
286,Jurupa Valley,California,106028,0,0,42.9,111.1,2414,932,34.0026N,117.4676W,https://www.usclimatedata.com/climate/los-angeles/california/united-states/usca1339
287,Lewisville,Texas,106021,95290,0.1126,36.7,95.1,2852,1101,33.0466N,96.9818W,https://www.usclimatedata.com/climate/dallas/texas/united-states/ustx1575
288,Greeley,Colorado,105448,92889,0.1352,47.8,123.8,2176,840,40.4153N,104.7697W,https://www.usclimatedata.com/climate/greeley/colorado/united-states/usco0170
289,Davie,Florida,105149,91992,0.143,34.9,90.4,2919,1127,26.0791N,80.2850W,https://www.usclimatedata.com/climate/hollywood/florida/united-states/usfl0772
290,Green Bay,Wisconsin,105116,104057,0.0102,45.4,117.6,2316,894,44.5207N,87.9842W,https://www.usclimatedata.com/climate/green-bay/wisconsin/united-states/uswi0288
291,Tyler,Texas,104991,96900,0.0835,56.6,146.6,1852,715,32.3173N,95.3059W,https://www.usclimatedata.com/climate/tyler/texas/united-states/ustx1383
292,League City,Texas,104903,83560,0.2554,51.2,132.6,1992,769,29.4901N,95.1091W,https://www.usclimatedata.com/climate/houston/texas/united-states/ustx0617
293,Burbank,California,104834,103340,0.0145,17.4,45.1,6003,2318,34.1901N,118.3264W,https://www.usclimatedata.com/climate/burbank/california/united-states/usca1382
294,San Mateo,California,104748,97207,0.0776,12.1,31.3,8592,3317,37.5603N,122.3106W,https://www.usclimatedata.com/climate/san-francisco/california/united-states/usca0987
295,Wichita Falls,Texas,104747,104553,0.0019,72.2,187.0,1450,560,33.9067N,98.5259W,https://www.usclimatedata.com/climate/dallas/texas/united-states/ustx1575
296,El Cajon,California,103894,99478,0.0444,14.5,37.6,7156,2763,32.8017N,116.9604W,https://www.usclimatedata.com/climate/el-cajon/california/united-states/usca0331
297,Rialto,California,103562,99171,0.0443,22.3,57.8,4633,1789,34.1118N,117.3883W,https://www.usclimatedata.com/climate/los-angeles/california/united-states/usca1339
298,Lakewood,New Jersey,102682,92843,0.106,24.7,64.0,4079,1575,40.0771N,74.2004W,https://www.usclimatedata.com/climate/philadelphia/pennsylvania/united-states/uspa1276
299,Edison,New Jersey,102450,99967,0.0248,30.1,78.0,3389,1309,40.5040N,74.3494W,https://www.usclimatedata.com/climate/elizabeth/new-jersey/united-states/usnj0647
300,Davenport,Iowa,102320,99685,0.0264,62.9,162.9,1631,630,41.5541N,90.6040W,https://www.usclimatedata.com/climate/davenport/iowa/united-states/usia1100
301,South Bend,Indiana,102245,101168,0.0106,41.4,107.2,2457,949,41.6769N,86.2690W,https://www.usclimatedata.com/climate/south-bend/indiana/united-states/usin0624
302,Woodbridge,New Jersey,101965,99585,0.0239,23.3,60.3,4351,1680,40.5607N,74.2927W,https://www.usclimatedata.com/climate/elizabeth/new-jersey/united-states/usnj0647
303,Las Cruces,New Mexico,101712,97618,0.0419,76.9,199.2,1323,511,32.3264N,106.7897W,https://www.usclimatedata.com/climate/las-cruces/new-mexico/united-states/usnm0492
304,Vista,California,101568,93834,0.0824,18.7,48.4,5436,2099,33.1895N,117.2386W,https://www.usclimatedata.com/climate/san-diego/california/united-states/usca0982
305,Renton,Washington,101379,90927,0.1149,23.4,60.6,4314,1666,47.4761N,122.1920W,https://www.usclimatedata.com/climate/renton/washington/united-states/uswa0824
306,Sparks,Nevada,100888,90264,0.1177,35.9,93.0,2810,1080,39.5544N,119.7356W,https://www.usclimatedata.com/climate/sparks/nevada/united-states/usnv0086
307,Clinton,Michigan,100712,96796,0.0405,28.1,72.8,3573,1380,42.5903N,82.9170W,https://www.usclimatedata.com/climate/detroit/michigan/united-states/usmi0229
308,Allen,Texas,100685,84246,0.1951,27.1,70.2,3715,1434,33.0997N,96.6631W,https://www.usclimatedata.com/climate/dallas/texas/united-states/ustx1575
309,Tuscaloosa,Alabama,100287,90468,0.1085,71.7,185.7,1399,540,33.2065N,87.5346W,https://www.usclimatedata.com/climate/tuscaloosa/alabama/united-states/usal0542
310,San Angelo,Texas,100119,93200,0.0742,59.9,155.1,1681,649,31.4411N,100.4505W,https://www.usclimatedata.com/climate/san-angelo/texas/united-states/ustx1199
311,Vacaville,California,100032,92428,0.0823,29.0,75.1,3449,1332,38.3539N,121.9728W,https://www.usclimatedata.com/climate/vacaville/california/united-states/usca1181